-- MySQL dump 10.13  Distrib 8.0.32, for Win64 (x86_64)
--
-- Host: localhost    Database: centraldb
-- ------------------------------------------------------
-- Server version	8.0.32

/*!40101 SET @OLD_CHARACTER_SET_CLIENT=@@CHARACTER_SET_CLIENT */;
/*!40101 SET @OLD_CHARACTER_SET_RESULTS=@@CHARACTER_SET_RESULTS */;
/*!40101 SET @OLD_COLLATION_CONNECTION=@@COLLATION_CONNECTION */;
/*!50503 SET NAMES utf8 */;
/*!40103 SET @OLD_TIME_ZONE=@@TIME_ZONE */;
/*!40103 SET TIME_ZONE='+00:00' */;
/*!40014 SET @OLD_UNIQUE_CHECKS=@@UNIQUE_CHECKS, UNIQUE_CHECKS=0 */;
/*!40014 SET @OLD_FOREIGN_KEY_CHECKS=@@FOREIGN_KEY_CHECKS, FOREIGN_KEY_CHECKS=0 */;
/*!40101 SET @OLD_SQL_MODE=@@SQL_MODE, SQL_MODE='NO_AUTO_VALUE_ON_ZERO' */;
/*!40111 SET @OLD_SQL_NOTES=@@SQL_NOTES, SQL_NOTES=0 */;

--
-- Table structure for table `bg_appropriation`
--

DROP TABLE IF EXISTS `bg_appropriation`;
/*!40101 SET @saved_cs_client     = @@character_set_client */;
/*!50503 SET character_set_client = utf8mb4 */;
CREATE TABLE `bg_appropriation` (
  `id` int NOT NULL AUTO_INCREMENT,
  `officeid` int DEFAULT NULL,
  `officename` varchar(255) DEFAULT NULL,
  `registryid` int DEFAULT NULL,
  `registryname` varchar(255) DEFAULT NULL,
  `fundid` int DEFAULT NULL,
  `fundname` varchar(255) DEFAULT NULL,
  `specialaccountid` int DEFAULT NULL,
  `specialcodeid` int DEFAULT NULL,
  `specialfundescription` varchar(255) DEFAULT NULL,
  `accountid` int DEFAULT NULL,
  `accountcode` varchar(15) DEFAULT NULL,
  `accountname` varchar(255) DEFAULT NULL,
  `approamount` decimal(10,2) DEFAULT NULL,
  `firstsemester` decimal(10,2) DEFAULT NULL,
  `secondsemester` decimal(10,2) DEFAULT NULL,
  `budgetyear` date DEFAULT NULL,
  `logdate` timestamp NULL DEFAULT CURRENT_TIMESTAMP,
  PRIMARY KEY (`id`)
) ENGINE=InnoDB AUTO_INCREMENT=15 DEFAULT CHARSET=utf8mb4 COLLATE=utf8mb4_0900_ai_ci;
/*!40101 SET character_set_client = @saved_cs_client */;

--
-- Dumping data for table `bg_appropriation`
--

LOCK TABLES `bg_appropriation` WRITE;
/*!40000 ALTER TABLE `bg_appropriation` DISABLE KEYS */;
INSERT INTO `bg_appropriation` VALUES (1,2,'Office of the Governor',100,'Personal Services',100,'General Fund',NULL,NULL,NULL,50101010,'5-01-01-010','Salaries and Wages - Regular',7248156.00,2707992.00,4351776.00,'2023-12-31','2023-05-10 00:38:30'),(2,2,'Office of the Governor',100,'Personal Services',100,'General Fund',NULL,NULL,NULL,50102010,'5-01-02-010','Personal Economic Relief Allowance (PERA)',240000.00,96000.00,144000.00,'2023-12-31','2023-05-10 00:40:25'),(3,2,'Office of the Governor',100,'Personal Services',100,'General Fund',NULL,NULL,NULL,50102020,'5-01-02-020','Representation Allowance (RA)',132000.00,0.00,132000.00,'2023-12-31','2023-05-10 00:45:34'),(4,2,'Office of the Governor',100,'Personal Services',100,'General Fund',NULL,NULL,NULL,50102030,'5-01-02-030','Transportation Allowance (TA)',132000.00,0.00,132000.00,'2023-12-31','2023-05-10 01:12:44'),(5,2,'Office of the Governor',100,'Personal Services',100,'General Fund',NULL,NULL,NULL,50102040,'5-01-02-040','Clothing/Uniform Allowance',60000.00,54000.00,6000.00,'2023-12-31','2023-05-10 01:14:45'),(6,2,'Office of the Governor',100,'Personal Services',100,'General Fund',NULL,NULL,NULL,50102130,'5-01-02-130','Overtime and Night Pay',100000.00,0.00,0.00,'2023-12-31','2023-05-10 01:14:45'),(7,2,'Office of the Governor',100,'Personal Services',100,'General Fund',NULL,NULL,NULL,50102140,'5-01-02-140','Year End Bonus',604013.00,0.00,588314.00,'2023-12-31','2023-05-10 01:20:29'),(8,2,'Office of the Governor',100,'Personal Services',100,'General Fund',NULL,NULL,NULL,50102150,'5-01-02-150','Cash Gift',50000.00,0.00,50000.00,'2023-12-31','2023-05-10 01:20:29'),(9,2,'Office of the Governor',100,'Personal Services',100,'General Fund',NULL,NULL,NULL,50102990,'5-01-02-990','Other Bonuses and Allowances',604013.00,487716.00,100598.00,'2023-12-31','2023-05-10 01:20:29'),(10,2,'Office of the Governor',100,'Personal Services',100,'General Fund',NULL,NULL,NULL,50102080,'5-01-02-080','Productivity Incentive Allowance (Other Bonuses and Allowances PEI)',50000.00,0.00,50000.00,'2023-12-31','2023-05-10 01:20:29'),(11,2,'Office of the Governor',100,'Personal Services',100,'General Fund',NULL,NULL,NULL,50103010,'5-01-03-010','Retirement and Life Insurance Premiums',869779.00,318042.88,529130.00,'2023-12-31','2023-05-10 01:22:40'),(12,2,'Office of the Governor',100,'Personal Services',100,'General Fund',NULL,NULL,NULL,50103020,'5-01-03-020','Pag-IBIG Contributions',12000.00,4200.00,7800.00,'2023-12-31','2023-05-10 01:25:11'),(13,2,'Office of the Governor',100,'Personal Services',100,'General Fund',NULL,NULL,NULL,50103030,'5-01-03-030','PhilHealth Contributions',96251.00,28081.84,44872.18,'2023-12-31','2023-05-10 01:25:11'),(14,2,'Office of the Governor',100,'Personal Services',100,'General Fund',NULL,NULL,NULL,50103040,'5-01-03-040','Employees Compensation Insurance Premiums',12000.00,4200.00,7800.00,'2023-12-31','2023-05-10 01:28:09');
/*!40000 ALTER TABLE `bg_appropriation` ENABLE KEYS */;
UNLOCK TABLES;

--
-- Table structure for table `gl_accounts`
--

DROP TABLE IF EXISTS `gl_accounts`;
/*!40101 SET @saved_cs_client     = @@character_set_client */;
/*!50503 SET character_set_client = utf8mb4 */;
CREATE TABLE `gl_accounts` (
  `id` int NOT NULL AUTO_INCREMENT,
  `registryid` int DEFAULT NULL,
  `registrycode` int DEFAULT NULL,
  `assetid` int DEFAULT NULL,
  `categoryid` int DEFAULT NULL,
  `subcategoryid` int DEFAULT NULL,
  `accountid` int DEFAULT NULL,
  `accountcode` varchar(15) DEFAULT NULL,
  `accountname` varchar(255) DEFAULT NULL,
  `accountdescription` varchar(255) DEFAULT NULL,
  `logdate` timestamp NULL DEFAULT CURRENT_TIMESTAMP,
  PRIMARY KEY (`id`),
  KEY `id` (`id`) /*!80000 INVISIBLE */,
  KEY `registrycode` (`registrycode`) /*!80000 INVISIBLE */,
  KEY `accountcode` (`accountcode`)
) ENGINE=InnoDB AUTO_INCREMENT=577 DEFAULT CHARSET=utf8mb4 COLLATE=utf8mb4_0900_ai_ci COMMENT='Account''s table with id as primary key; registrycode and accountcode as index';
/*!40101 SET character_set_client = @saved_cs_client */;

--
-- Dumping data for table `gl_accounts`
--

LOCK TABLES `gl_accounts` WRITE;
/*!40000 ALTER TABLE `gl_accounts` DISABLE KEYS */;
INSERT INTO `gl_accounts` VALUES (1,NULL,NULL,1,101,10101,10101010,'1-01-01-010','Cash Local Treasury','Cash Local Treasury','2023-05-05 07:16:34'),(2,NULL,NULL,1,101,10101,10101020,'1-01-01-020','Petty Cash','Petty Cash','2023-05-05 07:16:34'),(3,NULL,NULL,1,101,10102,10102010,'1-01-02-010','Cash in Bank - Local Currency, Current Account','Cash in Bank - Local Currency, Current Account','2023-05-05 07:16:34'),(4,NULL,NULL,1,101,10102,10102020,'1-01-02-020','Cash in Bank - Local Currency, Savings Account','Cash in Bank - Local Currency, Savings Account','2023-05-05 07:16:34'),(5,NULL,NULL,1,101,10103,10103010,'1-01-03-010','Cash in Bank - Foreign Currency, Current Account','Cash in Bank - Foreign Currency, Current Account','2023-05-05 07:16:34'),(6,NULL,NULL,1,101,10103,10103020,'1-01-03-020','Cash in Bank - Foreign Currency, Savings Account','Cash in Bank - Foreign Currency, Savings Account','2023-05-05 07:16:34'),(7,NULL,NULL,1,102,10201,10201010,'1-02-01-010','Cash in Bank -Local Currency, Time Deposits','Cash in Bank -Local Currency, Time Deposits','2023-05-05 07:16:34'),(8,NULL,NULL,1,102,10201,10201020,'1-02-01-020','Cash in Bank - Foreign Currency, Time Deposits','Cash in Bank - Foreign Currency, Time Deposits','2023-05-05 07:16:34'),(9,NULL,NULL,1,102,10201,10201030,'1-02-01-030','Treasury Bills','Treasury Bills','2023-05-05 07:16:34'),(10,NULL,NULL,1,102,10202,10202010,'1-02-02-010','Financial Assets Held for Trading','Financial Assets Held for Trading','2023-05-05 07:16:34'),(11,NULL,NULL,1,102,10202,10202020,'1-02-02-020','Financial  Assets Designated at Fair Value Through Surplus or Deficit','Financial  Assets Designated at Fair Value Through Surplus or Deficit','2023-05-05 07:16:34'),(12,NULL,NULL,1,102,10203,10203010,'1-02-03-010','Investments in Treasury Bills - Local','Investments in Treasury Bills - Local','2023-05-05 07:16:34'),(13,NULL,NULL,1,102,10203,10203011,'1-02-03-011','Allowance for Impairment - Investments in Treasury Bills - Local','Allowance for Impairment - Investments in Treasury Bills - Local','2023-05-05 07:16:34'),(14,NULL,NULL,1,102,10203,10203020,'1-02-03-020','Investments in  Bonds-Local','Investments in  Bonds-Local','2023-05-05 07:16:34'),(15,NULL,NULL,1,102,10203,10203021,'1-02-03-021','Allowance for Impairment - Investments in Bonds - Local','Allowance for Impairment - Investments in Bonds - Local','2023-05-05 07:16:34'),(16,NULL,NULL,1,102,10204,10204010,'1-02-04-010','Investments in Stocks','Investments in Stocks','2023-05-05 07:16:34'),(17,NULL,NULL,1,102,10204,10204020,'1-02-04-020','Investments in Bonds','Investments in Bonds','2023-05-05 07:16:34'),(18,NULL,NULL,1,102,10205,10205010,'1-02-05-010','Deposits on Letters of Credit','Deposits on Letters of Credit','2023-05-05 07:16:34'),(19,NULL,NULL,1,102,10205,10205011,'1-02-05-011','Allowance for Impairment - Deposits in Letters of Credit','Allowance for Impairment - Deposits in Letters of Credit','2023-05-05 07:16:34'),(20,NULL,NULL,1,102,10205,10205020,'1-02-05-020','Guaranty Deposits','Guaranty Deposits','2023-05-05 07:16:34'),(21,NULL,NULL,1,102,10205,10205021,'1-02-05-021','Allowance for Impairment - Guaranty Deposits','Allowance for Impairment - Guaranty Deposits','2023-05-05 07:16:34'),(22,NULL,NULL,1,102,10205,10205990,'1-02-05-990','Other Investments','Other Investments','2023-05-05 07:16:34'),(23,NULL,NULL,1,102,10205,10205991,'1-02-05-991','Allowance for Impairment - Other Investments','Allowance for Impairment - Other Investments','2023-05-05 07:16:34'),(24,NULL,NULL,1,102,10206,10206010,'1-02-06-010','Investments in Joint Venture','Investments in Joint Venture','2023-05-05 07:16:34'),(25,NULL,NULL,1,102,10206,10206011,'1-02-06-011','Allowance for Impairment - Investments in Joint Venture','Allowance for Impairment - Investments in Joint Venture','2023-05-05 07:16:34'),(26,NULL,NULL,1,102,10207,10207010,'1-02-07-010','Sinking Fund','Sinking Fund','2023-05-05 07:16:34'),(27,NULL,NULL,1,103,10301,10301010,'1-03-01-010','Accounts Receivable','Accounts Receivable','2023-05-05 07:16:34'),(28,NULL,NULL,1,103,10301,10301011,'1-03-01-011','Allowance for Impairment - Accounts Receivable','Allowance for Impairment - Accounts Receivable','2023-05-05 07:16:34'),(29,NULL,NULL,1,103,10301,10301020,'1-03-01-020','Real Property Tax Receivable','Real Property Tax Receivable','2023-05-05 07:16:34'),(30,NULL,NULL,1,103,10301,10301021,'1-03-01-021','Allowance for Impairment - RPT Receivable','Allowance for Impairment - RPT Receivable','2023-05-05 07:16:34'),(31,NULL,NULL,1,103,10301,10301030,'1-03-01-030','Special Education Tax Receivable','Special Education Tax Receivable','2023-05-05 07:16:34'),(32,NULL,NULL,1,103,10301,10301031,'1-03-01-031','Allowance for Impairment - SET Receivable','Allowance for Impairment - SET Receivable','2023-05-05 07:16:34'),(33,NULL,NULL,1,103,10301,10301040,'1-03-01-040','Notes Receivable','Notes Receivable','2023-05-05 07:16:34'),(34,NULL,NULL,1,103,10301,10301041,'1-03-01-041','Allowance for Impairment - Notes Receivable','Allowance for Impairment - Notes Receivable','2023-05-05 07:16:34'),(35,NULL,NULL,1,103,10301,10301050,'1-03-01-050','Loans Receivable - Government-Owned and/or Controlled Corporations ','Loans Receivable - Government-Owned and/or Controlled Corporations ','2023-05-05 07:16:34'),(36,NULL,NULL,1,103,10301,10301051,'1-03-01-051','Allowance for Impairment - Loans Receivable - Government-Owned and/or Controlled Corporations ','Allowance for Impairment - Loans Receivable - Government-Owned and/or Controlled Corporations ','2023-05-05 07:16:34'),(37,NULL,NULL,1,103,10301,10301060,'1-03-01-060','Loans Receivable - Local Government Units','Loans Receivable - Local Government Units','2023-05-05 07:16:34'),(38,NULL,NULL,1,103,10301,10301061,'1-03-01-061','Allowance for Impairment  - Loans Receivable - Local Government Units','Allowance for Impairment  - Loans Receivable - Local Government Units','2023-05-05 07:16:34'),(39,NULL,NULL,1,103,10301,10301070,'1-03-01-070','Interests Receivable','Interests Receivable','2023-05-05 07:16:34'),(40,NULL,NULL,1,103,10301,10301071,'1-03-01-071','Allowance for Impairment - Interests Receivable','Allowance for Impairment - Interests Receivable','2023-05-05 07:16:34'),(41,NULL,NULL,1,103,10301,10301080,'1-03-01-080','Dividends Receivable','Dividends Receivable','2023-05-05 07:16:34'),(42,NULL,NULL,1,103,10301,10301081,'1-03-01-081','Allowance for Impairment - Dividends Receivable','Allowance for Impairment - Dividends Receivable','2023-05-05 07:16:34'),(43,NULL,NULL,1,103,10301,10301990,'1-03-01-990','Loans Receivable - Others','Loans Receivable - Others','2023-05-05 07:16:34'),(44,NULL,NULL,1,103,10301,10301991,'1-03-01-991','Allowance for Impairment - Loans Receivable - Others','Allowance for Impairment - Loans Receivable - Others','2023-05-05 07:16:34'),(45,NULL,NULL,1,103,10302,10302010,'1-03-02-010','Operating Lease  Receivable','Operating Lease  Receivable','2023-05-05 07:16:34'),(46,NULL,NULL,1,103,10302,10302011,'1-03-02-011','Allowance for Impairment - Operating Lease Receivable','Allowance for Impairment - Operating Lease Receivable','2023-05-05 07:16:34'),(47,NULL,NULL,1,103,10302,10302020,'1-03-02-020','Finance Lease Receivable','Finance Lease Receivable','2023-05-05 07:16:34'),(48,NULL,NULL,1,103,10302,10302021,'1-03-02-021','Allowance for Impairment - Finance Lease Receivable','Allowance for Impairment - Finance Lease Receivable','2023-05-05 07:16:34'),(49,NULL,NULL,1,103,10303,10303010,'1-03-03-010','Due from National Government Agencies','Due from National Government Agencies','2023-05-05 07:16:34'),(50,NULL,NULL,1,103,10303,10303011,'1-03-03-011','Allowance for Impairment - Due from National Government Agencies','Allowance for Impairment - Due from National Government Agencies','2023-05-05 07:16:34'),(51,NULL,NULL,1,103,10303,10303020,'1-03-03-020','Due from Government-Owned and/or Controlled Corporations','Due from Government-Owned and/or Controlled Corporations','2023-05-05 07:16:34'),(52,NULL,NULL,1,103,10303,10303021,'1-03-03-021','Allowance for Impairment - Due from GOCCs','Allowance for Impairment - Due from GOCCs','2023-05-05 07:16:34'),(53,NULL,NULL,1,103,10303,10303030,'1-03-03-030','Due from Local Government Units','Due from Local Government Units','2023-05-05 07:16:34'),(54,NULL,NULL,1,103,10303,10303031,'1-03-03-031','Allowance for Impairment - Due from LGUs','Allowance for Impairment - Due from LGUs','2023-05-05 07:16:34'),(55,NULL,NULL,1,103,10303,10303040,'1-03-03-040','Due from Joint Venture','Due from Joint Venture','2023-05-05 07:16:34'),(56,NULL,NULL,1,103,10303,10303041,'1-03-03-041','Allowance for Impairment - Due from Joint Venture','Allowance for Impairment - Due from Joint Venture','2023-05-05 07:16:34'),(57,NULL,NULL,1,103,10304,10304050,'1-03-04-050','Due from Other Funds','Due from Other Funds','2023-05-05 07:16:34'),(58,NULL,NULL,1,103,10304,10304060,'1-03-04-060','Due from Special Accounts ','Due from Special Accounts ','2023-05-05 07:16:34'),(59,NULL,NULL,1,103,10304,10304070,'1-03-04-070','Due from Local Economic Enterprise','Due from Local Economic Enterprise','2023-05-05 07:16:34'),(60,NULL,NULL,1,103,10305,10305010,'1-03-05-010','Advances for Operating Expenses','Advances for Operating Expenses','2023-05-05 07:16:34'),(61,NULL,NULL,1,103,10305,10305020,'1-03-05-020','Advances for Payroll','Advances for Payroll','2023-05-05 07:16:34'),(62,NULL,NULL,1,103,10305,10305030,'1-03-05-030','Advances to Special Disbursing Officer','Advances to Special Disbursing Officer','2023-05-05 07:16:34'),(63,NULL,NULL,1,103,10305,10305040,'1-03-05-040','Advances for Officers and Employees','Advances for Officers and Employees','2023-05-05 07:16:34'),(64,NULL,NULL,1,103,10306,10306010,'1-03-06-010','Receivables - Disallowances/Charges','Receivables - Disallowances/Charges','2023-05-05 07:16:34'),(65,NULL,NULL,1,103,10306,10306011,'1-03-06-011','Allowance for Impairment - Receivables- Disallowances/Charges','Allowance for Impairment - Receivables- Disallowances/Charges','2023-05-05 07:16:34'),(66,NULL,NULL,1,103,10306,10306020,'1-03-06-020','Due from Officers and Employees','Due from Officers and Employees','2023-05-05 07:16:34'),(67,NULL,NULL,1,103,10306,10306021,'1-03-06-021','Allowance for Impairment - Due from Officers and Employees','Allowance for Impairment - Due from Officers and Employees','2023-05-05 07:16:34'),(68,NULL,NULL,1,103,10306,10306030,'1-03-06-030','Due from Non-Government Organizations/People\'s Organizations','Due from Non-Government Organizations/People\'s Organizations','2023-05-05 07:16:34'),(69,NULL,NULL,1,103,10306,10306031,'1-03-06-031','Allowance for Impairment - Due from Non-Government Organizations/People\'s Organizations','Allowance for Impairment - Due from Non-Government Organizations/People\'s Organizations','2023-05-05 07:16:34'),(70,NULL,NULL,1,103,10306,10306990,'1-03-06-990','Other Receivables','Other Receivables','2023-05-05 07:16:34'),(71,NULL,NULL,1,103,10306,10306991,'1-03-06-991','Allowance for Impairment - Other Receivables','Allowance for Impairment - Other Receivables','2023-05-05 07:16:34'),(72,NULL,NULL,1,104,10401,10401010,'1-04-01-010','Merchandise Inventory','Merchandise Inventory','2023-05-05 07:16:34'),(73,NULL,NULL,1,104,10402,10402010,'1-04-02-010','Food Supplies for Distribution','Food Supplies for Distribution','2023-05-05 07:16:34'),(74,NULL,NULL,1,104,10402,10402020,'1-04-02-020','Welfare Goods for Distribution','Welfare Goods for Distribution','2023-05-05 07:16:34'),(75,NULL,NULL,1,104,10402,10402030,'1-04-02-030','Drugs and Medicines for Distribution','Drugs and Medicines for Distribution','2023-05-05 07:16:34'),(76,NULL,NULL,1,104,10402,10402040,'1-04-02-040','Medical, Dental and Laboratory Supplies for Distribution','Medical, Dental and Laboratory Supplies for Distribution','2023-05-05 07:16:34'),(77,NULL,NULL,1,104,10402,10402050,'1-04-02-050','Agricultural and Marine Supplies for Distribution','Agricultural and Marine Supplies for Distribution','2023-05-05 07:16:34'),(78,NULL,NULL,1,104,10402,10402060,'1-04-02-060','Agricultural Produce for Distribution','Agricultural Produce for Distribution','2023-05-05 07:16:34'),(79,NULL,NULL,1,104,10402,10402070,'1-04-02-070','Textbooks and Instructional Materials for Distribution','Textbooks and Instructional Materials for Distribution','2023-05-05 07:16:34'),(80,NULL,NULL,1,104,10402,10402080,'1-04-02-080','Construction Materials for Distribution','Construction Materials for Distribution','2023-05-05 07:16:34'),(81,NULL,NULL,1,104,10402,10402090,'1-04-02-090','Property and Equipment for Distribution','Property and Equipment for Distribution','2023-05-05 07:16:34'),(82,NULL,NULL,1,104,10402,10402990,'1-04-02-990','Other Supplies and Materials for Distribution','Other Supplies and Materials for Distribution','2023-05-05 07:16:34'),(83,NULL,NULL,1,104,10403,10403010,'1-04-03-010','Raw Materials Inventory','Raw Materials Inventory','2023-05-05 07:16:34'),(84,NULL,NULL,1,104,10403,10403020,'1-04-03-020','Work-in-Process Inventory','Work-in-Process Inventory','2023-05-05 07:16:34'),(85,NULL,NULL,1,104,10403,10403030,'1-04-03-030','Finished Goods Inventory','Finished Goods Inventory','2023-05-05 07:16:34'),(86,NULL,NULL,1,104,10404,10404010,'1-04-04-010','Office Supplies Inventory','Office Supplies Inventory','2023-05-05 07:16:34'),(87,NULL,NULL,1,104,10404,10404020,'1-04-04-020','Accountable Forms, Plates and Stickers ','Accountable Forms, Plates and Stickers ','2023-05-05 07:16:34'),(88,NULL,NULL,1,104,10404,10404030,'1-04-04-030','Non-Accountable Forms Inventory','Non-Accountable Forms Inventory','2023-05-05 07:16:34'),(89,NULL,NULL,1,104,10404,10404040,'1-04-04-040','Animal/Zoological Supplies Inventory','Animal/Zoological Supplies Inventory','2023-05-05 07:16:34'),(90,NULL,NULL,1,104,10404,10404050,'1-04-04-050','Food Supplies Inventory','Food Supplies Inventory','2023-05-05 07:16:34'),(91,NULL,NULL,1,104,10404,10404060,'1-04-04-060','Drugs and Medicines Inventory','Drugs and Medicines Inventory','2023-05-05 07:16:34'),(92,NULL,NULL,1,104,10404,10404070,'1-04-04-070','Medical, Dental and Laboratory Supplies Inventory','Medical, Dental and Laboratory Supplies Inventory','2023-05-05 07:16:34'),(93,NULL,NULL,1,104,10404,10404080,'1-04-04-080','Fuel, Oil and Lubricants Inventory','Fuel, Oil and Lubricants Inventory','2023-05-05 07:16:34'),(94,NULL,NULL,1,104,10404,10404090,'1-04-04-090','Agricultural and Marine Supplies Inventory','Agricultural and Marine Supplies Inventory','2023-05-05 07:16:34'),(95,NULL,NULL,1,104,10404,10404100,'1-04-04-100','Textbooks and Instructional Materials Inventory','Textbooks and Instructional Materials Inventory','2023-05-05 07:16:34'),(96,NULL,NULL,1,104,10404,10404110,'1-04-04-110','Military, Police and Traffic Supplies Inventory','Military, Police and Traffic Supplies Inventory','2023-05-05 07:16:34'),(97,NULL,NULL,1,104,10404,10404120,'1-04-04-120','Chemical and Filtering Supplies Inventory','Chemical and Filtering Supplies Inventory','2023-05-05 07:16:34'),(98,NULL,NULL,1,104,10404,10404130,'1-04-04-130','Construction Materials Inventory','Construction Materials Inventory','2023-05-05 07:16:34'),(99,NULL,NULL,1,104,10404,10404990,'1-04-04-990','Other Supplies and Materials Inventory','Other Supplies and Materials Inventory','2023-05-05 07:16:34'),(100,NULL,NULL,1,105,10501,10501010,'1-05-01-010','Advances to Contractors','Advances to Contractors','2023-05-05 07:16:34'),(101,NULL,NULL,1,105,10501,10501020,'1-05-01-020','Prepaid Rent','Prepaid Rent','2023-05-05 07:16:34'),(102,NULL,NULL,1,105,10501,10501030,'1-05-01-030','Prepaid Registration','Prepaid Registration','2023-05-05 07:16:34'),(103,NULL,NULL,1,105,10501,10501040,'1-05-01-040','Prepaid Interest','Prepaid Interest','2023-05-05 07:16:34'),(104,NULL,NULL,1,105,10501,10501050,'1-05-01-050','Prepaid Insurance','Prepaid Insurance','2023-05-05 07:16:34'),(105,NULL,NULL,1,105,10501,10501990,'1-05-01-990','Other Prepayments','Other Prepayments','2023-05-05 07:16:34'),(106,NULL,NULL,1,105,10502,10502010,'1-05-02-010','Discount on Advance Payments','Discount on Advance Payments','2023-05-05 07:16:34'),(107,NULL,NULL,1,106,10601,10601010,'1-06-01-010','Investment Property,  Land','Investment Property,  Land','2023-05-05 07:16:34'),(108,NULL,NULL,1,106,10601,10601011,'1-06-01-011','Accumulated Impairment Losses - Investment Property,  Land ','Accumulated Impairment Losses - Investment Property,  Land ','2023-05-05 07:16:34'),(109,NULL,NULL,1,106,10601,10601020,'1-06-01-020','Investment Property, Buildings','Investment Property, Buildings','2023-05-05 07:16:34'),(110,NULL,NULL,1,106,10601,10601021,'1-06-01-021','Accumulated Depreciation - Investment Property, Buildings','Accumulated Depreciation - Investment Property, Buildings','2023-05-05 07:16:34'),(111,NULL,NULL,1,106,10601,10601022,'1-06-01-022','Accumulated Impairment Losses - Investment Property,  Buildings','Accumulated Impairment Losses - Investment Property,  Buildings','2023-05-05 07:16:34'),(112,NULL,NULL,1,106,10601,10601030,'1-06-01-030','Construction in Progress - Investment Property, Buildings','Construction in Progress - Investment Property, Buildings','2023-05-05 07:16:34'),(113,NULL,300,1,107,10701,10701010,'1-07-01-010','Land','Land','2023-05-05 07:16:34'),(114,NULL,300,1,107,10701,10701011,'1-07-01-011','Accumulated Impairment Losses - Land ','Accumulated Impairment Losses - Land ','2023-05-05 07:16:34'),(115,NULL,300,1,107,10702,10702010,'1-07-02-010','Land Improvements,  Aquaculture Structures','Land Improvements,  Aquaculture Structures','2023-05-05 07:16:34'),(116,NULL,300,1,107,10702,10702011,'1-07-02-011','Accumulated Depreciation - Land Improvements, Aquaculture Structures','Accumulated Depreciation - Land Improvements, Aquaculture Structures','2023-05-05 07:16:34'),(117,NULL,300,1,107,10702,10702012,'1-07-02-012','Accumulated Impairment Losses - Land Improvements, Aquaculture Structures','Accumulated Impairment Losses - Land Improvements, Aquaculture Structures','2023-05-05 07:16:34'),(118,NULL,300,1,107,10702,10702990,'1-07-02-990','Other Land Improvements','Other Land Improvements','2023-05-05 07:16:34'),(119,NULL,300,1,107,10702,10702991,'1-07-02-991','Accumulated Depreciation - Other Land Improvements','Accumulated Depreciation - Other Land Improvements','2023-05-05 07:16:34'),(120,NULL,300,1,107,10702,10702992,'1-07-02-992','Accumulated Impairment Losses - Other Land Improvements','Accumulated Impairment Losses - Other Land Improvements','2023-05-05 07:16:34'),(121,NULL,300,1,107,10703,10703010,'1-07-03-010','Road Networks','Road Networks','2023-05-05 07:16:34'),(122,NULL,300,1,107,10703,10703011,'1-07-03-011','Accumulated Depreciation - Road Networks','Accumulated Depreciation - Road Networks','2023-05-05 07:16:34'),(123,NULL,300,1,107,10703,10703012,'1-07-03-012','Accumulated Impairment Losses - Road Networks','Accumulated Impairment Losses - Road Networks','2023-05-05 07:16:34'),(124,NULL,300,1,107,10703,10703020,'1-07-03-020','Flood Control Systems','Flood Control Systems','2023-05-05 07:16:34'),(125,NULL,300,1,107,10703,10703021,'1-07-03-021','Accumulated Depreciation - Flood Control Systems','Accumulated Depreciation - Flood Control Systems','2023-05-05 07:16:34'),(126,NULL,300,1,107,10703,10703022,'1-07-03-022','Accumulated Impairment Losses - Flood Control Systems','Accumulated Impairment Losses - Flood Control Systems','2023-05-05 07:16:35'),(127,NULL,300,1,107,10703,10703030,'1-07-03-030','Sewer Systems','Sewer Systems','2023-05-05 07:16:35'),(128,NULL,300,1,107,10703,10703031,'1-07-03-031','Accumulated Depreciation - Sewer Systems','Accumulated Depreciation - Sewer Systems','2023-05-05 07:16:35'),(129,NULL,300,1,107,10703,10703032,'1-07-03-032','Accumulated Impairment Losses - Sewer Systems','Accumulated Impairment Losses - Sewer Systems','2023-05-05 07:16:35'),(130,NULL,300,1,107,10703,10703040,'1-07-03-040','Water Supply Systems','Water Supply Systems','2023-05-05 07:16:35'),(131,NULL,300,1,107,10703,10703041,'1-07-03-041','Accumulated Depreciation - Water Supply Systems','Accumulated Depreciation - Water Supply Systems','2023-05-05 07:16:35'),(132,NULL,300,1,107,10703,10703042,'1-07-03-042','Accumulated Impairment Losses - Water Supply Systems','Accumulated Impairment Losses - Water Supply Systems','2023-05-05 07:16:35'),(133,NULL,300,1,107,10703,10703050,'1-07-03-050','Power Supply Systems','Power Supply Systems','2023-05-05 07:16:35'),(134,NULL,300,1,107,10703,10703051,'1-07-03-051','Accumulated Depreciation - Power Supply Systems','Accumulated Depreciation - Power Supply Systems','2023-05-05 07:16:35'),(135,NULL,300,1,107,10703,10703052,'1-07-03-052','Accumulated Impairment Losses - Power Supply Systems','Accumulated Impairment Losses - Power Supply Systems','2023-05-05 07:16:35'),(136,NULL,300,1,107,10703,10703060,'1-07-03-060','Communication Networks','Communication Networks','2023-05-05 07:16:35'),(137,NULL,300,1,107,10703,10703061,'1-07-03-061','Accumulated Depreciation - Communication Networks','Accumulated Depreciation - Communication Networks','2023-05-05 07:16:35'),(138,NULL,300,1,107,10703,10703062,'1-07-03-062','Accumulated Impairment Losses - Communication Networks','Accumulated Impairment Losses - Communication Networks','2023-05-05 07:16:35'),(139,NULL,300,1,107,10703,10703070,'1-07-03-070','Seaport Systems','Seaport Systems','2023-05-05 07:16:35'),(140,NULL,300,1,107,10703,10703071,'1-07-03-071','Accumulated Depreciation - Seaport Systems','Accumulated Depreciation - Seaport Systems','2023-05-05 07:16:35'),(141,NULL,300,1,107,10703,10703072,'1-07-03-072','Accumulated Impairment Losses - Seaport Systems','Accumulated Impairment Losses - Seaport Systems','2023-05-05 07:16:35'),(142,NULL,300,1,107,10703,10703080,'1-07-03-080','Airport Systems','Airport Systems','2023-05-05 07:16:35'),(143,NULL,300,1,107,10703,10703081,'1-07-03-081','Accumulated Depreciation - Airport Systems','Accumulated Depreciation - Airport Systems','2023-05-05 07:16:35'),(144,NULL,300,1,107,10703,10703082,'1-07-03-082','Accumulated Impairment Losses - Airport Systems','Accumulated Impairment Losses - Airport Systems','2023-05-05 07:16:35'),(145,NULL,300,1,107,10703,10703090,'1-07-03-090','Parks, Plazas and Monuments','Parks, Plazas and Monuments','2023-05-05 07:16:35'),(146,NULL,300,1,107,10703,10703091,'1-07-03-091','Accumulated Depreciation - Parks, Plazas and Monuments','Accumulated Depreciation - Parks, Plazas and Monuments','2023-05-05 07:16:35'),(147,NULL,300,1,107,10703,10703092,'1-07-03-092','Accumulated Impairment Losses - Parks, Plazas and Monuments','Accumulated Impairment Losses - Parks, Plazas and Monuments','2023-05-05 07:16:35'),(148,NULL,300,1,107,10703,10703990,'1-07-03-990','Other Infrastructure Assets','Other Infrastructure Assets','2023-05-05 07:16:35'),(149,NULL,300,1,107,10703,10703991,'1-07-03-991','Accumulated Depreciation - Other Infrastructure Assets','Accumulated Depreciation - Other Infrastructure Assets','2023-05-05 07:16:35'),(150,NULL,300,1,107,10703,10703992,'1-07-03-992','Accumulated Impairment Losses - Other Infrastructure Assets','Accumulated Impairment Losses - Other Infrastructure Assets','2023-05-05 07:16:35'),(151,NULL,300,1,107,10704,10704010,'1-07-04-010','Buildings','Buildings','2023-05-05 07:16:35'),(152,NULL,300,1,107,10704,10704011,'1-07-04-011','Accumulated Depreciation - Buildings','Accumulated Depreciation - Buildings','2023-05-05 07:16:35'),(153,NULL,300,1,107,10704,10704012,'1-07-04-012','Accumulated Impairment Losses - Buildings','Accumulated Impairment Losses - Buildings','2023-05-05 07:16:35'),(154,NULL,300,1,107,10704,10704020,'1-07-04-020','School Buildings ','School Buildings ','2023-05-05 07:16:35'),(155,NULL,300,1,107,10704,10704021,'1-07-04-021','Accumulated Depreciation - School Buildings ','Accumulated Depreciation - School Buildings ','2023-05-05 07:16:35'),(156,NULL,300,1,107,10704,10704022,'1-07-04-022','Accumulated Impairment Losses - School Buildings','Accumulated Impairment Losses - School Buildings','2023-05-05 07:16:35'),(157,NULL,300,1,107,10704,10704030,'1-07-04-030','Hospitals and Health Centers','Hospitals and Health Centers','2023-05-05 07:16:35'),(158,NULL,300,1,107,10704,10704031,'1-07-04-031','Accumulated Depreciation - Hospitals and Health Centers','Accumulated Depreciation - Hospitals and Health Centers','2023-05-05 07:16:35'),(159,NULL,300,1,107,10704,10704032,'1-07-04-032','Accumulated Impairment Losses - Hospitals and Health Centers','Accumulated Impairment Losses - Hospitals and Health Centers','2023-05-05 07:16:35'),(160,NULL,300,1,107,10704,10704040,'1-07-04-040','Markets','Markets','2023-05-05 07:16:35'),(161,NULL,300,1,107,10704,10704041,'1-07-04-041','Accumulated Depreciation - Markets ','Accumulated Depreciation - Markets ','2023-05-05 07:16:35'),(162,NULL,300,1,107,10704,10704042,'1-07-04-042','Accumulated Impairment Losses - Markets','Accumulated Impairment Losses - Markets','2023-05-05 07:16:35'),(163,NULL,300,1,107,10704,10704050,'1-07-04-050','Slaughterhouses','Slaughterhouses','2023-05-05 07:16:35'),(164,NULL,300,1,107,10704,10704051,'1-07-04-051','Accumulated Depreciation - Slaughterhouses','Accumulated Depreciation - Slaughterhouses','2023-05-05 07:16:35'),(165,NULL,300,1,107,10704,10704052,'1-07-04-052','Accumulated Impairment Losses- Slaughterhouses','Accumulated Impairment Losses- Slaughterhouses','2023-05-05 07:16:35'),(166,NULL,300,1,107,10704,10704060,'1-07-04-060','Hostels and Dormitories','Hostels and Dormitories','2023-05-05 07:16:35'),(167,NULL,300,1,107,10704,10704061,'1-07-04-061','Accumulated Depreciation - Hostels and Dormitories','Accumulated Depreciation - Hostels and Dormitories','2023-05-05 07:16:35'),(168,NULL,300,1,107,10704,10704062,'1-07-04-062','Accumulated Impairment Losses - Hostels and Dormitories','Accumulated Impairment Losses - Hostels and Dormitories','2023-05-05 07:16:35'),(169,NULL,300,1,107,10704,10704990,'1-07-04-990','Other Structures','Other Structures','2023-05-05 07:16:35'),(170,NULL,300,1,107,10704,10704991,'1-07-04-991','Accumulated Depreciation - Other Structures','Accumulated Depreciation - Other Structures','2023-05-05 07:16:35'),(171,NULL,300,1,107,10704,10704992,'1-07-04-992','Accumulated Impairment Losses - Other Structures','Accumulated Impairment Losses - Other Structures','2023-05-05 07:16:35'),(172,NULL,300,1,107,10705,10705010,'1-07-05-010',' Machinery',' Machinery','2023-05-05 07:16:35'),(173,NULL,300,1,107,10705,10705011,'1-07-05-011','Accumulated Depreciation - Machinery ','Accumulated Depreciation - Machinery ','2023-05-05 07:16:35'),(174,NULL,300,1,107,10705,10705012,'1-07-05-012','Accumulated Impairment Losses - Machinery','Accumulated Impairment Losses - Machinery','2023-05-05 07:16:35'),(175,NULL,300,1,107,10705,10705020,'1-07-05-020','Office Equipment','Office Equipment','2023-05-05 07:16:35'),(176,NULL,300,1,107,10705,10705021,'1-07-05-021','Accumulated Depreciation - Office Equipment','Accumulated Depreciation - Office Equipment','2023-05-05 07:16:35'),(177,NULL,300,1,107,10705,10705022,'1-07-05-022','Accumulated Impairment Losses - Office Equipment','Accumulated Impairment Losses - Office Equipment','2023-05-05 07:16:35'),(178,NULL,300,1,107,10705,10705030,'1-07-05-030','Information and Communication Technology  Equipment ','Information and Communication Technology  Equipment ','2023-05-05 07:16:35'),(179,NULL,300,1,107,10705,10705031,'1-07-05-031','Accumulated Depreciation - Information and Communication Technology  Equipment ','Accumulated Depreciation - Information and Communication Technology  Equipment ','2023-05-05 07:16:35'),(180,NULL,300,1,107,10705,10705032,'1-07-05-032','Accumulated Impairment Losses - Information and Communication Technology  Equipment','Accumulated Impairment Losses - Information and Communication Technology  Equipment','2023-05-05 07:16:35'),(181,NULL,300,1,107,10705,10705040,'1-07-05-040','Agricultural and  Forestry Equipment','Agricultural and  Forestry Equipment','2023-05-05 07:16:35'),(182,NULL,300,1,107,10705,10705041,'1-07-05-041','Accumulated Depreciation - Agricultural  and Forestry Equipment ','Accumulated Depreciation - Agricultural  and Forestry Equipment ','2023-05-05 07:16:35'),(183,NULL,300,1,107,10705,10705042,'1-07-05-042','Accumulated Impairment Losses - Agricultural  and Forestry Equipment ','Accumulated Impairment Losses - Agricultural  and Forestry Equipment ','2023-05-05 07:16:35'),(184,NULL,300,1,107,10705,10705050,'1-07-05-050','Marine and Fishery Equipment','Marine and Fishery Equipment','2023-05-05 07:16:35'),(185,NULL,300,1,107,10705,10705051,'1-07-05-051','Accumulated Depreciation - Marine and Fishery Equipment ','Accumulated Depreciation - Marine and Fishery Equipment ','2023-05-05 07:16:35'),(186,NULL,300,1,107,10705,10705052,'1-07-05-052','Accumulated Impairment Losses - Marine and Fishery Equipment ','Accumulated Impairment Losses - Marine and Fishery Equipment ','2023-05-05 07:16:35'),(187,NULL,300,1,107,10705,10705060,'1-07-05-060','Airport Equipment','Airport Equipment','2023-05-05 07:16:35'),(188,NULL,300,1,107,10705,10705061,'1-07-05-061','Accumulated Depreciation - Airport Equipment','Accumulated Depreciation - Airport Equipment','2023-05-05 07:16:35'),(189,NULL,300,1,107,10705,10705062,'1-07-05-062','Accumulated Impairment Losses - Airport Equipment','Accumulated Impairment Losses - Airport Equipment','2023-05-05 07:16:35'),(190,NULL,300,1,107,10705,10705070,'1-07-05-070','Communication Equipment','Communication Equipment','2023-05-05 07:16:35'),(191,NULL,300,1,107,10705,10705071,'1-07-05-071','Accumulated Depreciation - Communication Equipment','Accumulated Depreciation - Communication Equipment','2023-05-05 07:16:35'),(192,NULL,300,1,107,10705,10705072,'1-07-05-072','Accumulated Impairment Losses - Communication Equipment','Accumulated Impairment Losses - Communication Equipment','2023-05-05 07:16:35'),(193,NULL,300,1,107,10705,10705080,'1-07-05-080','Construction and Heavy Equipment','Construction and Heavy Equipment','2023-05-05 07:16:35'),(194,NULL,300,1,107,10705,10705081,'1-07-05-081','Accumulated Depreciation - Construction and Heavy Equipment','Accumulated Depreciation - Construction and Heavy Equipment','2023-05-05 07:16:35'),(195,NULL,300,1,107,10705,10705082,'1-07-05-082','Accumulated Impairment Losses - Construction and Heavy Equipment','Accumulated Impairment Losses - Construction and Heavy Equipment','2023-05-05 07:16:35'),(196,NULL,300,1,107,10705,10705090,'1-07-05-090','Disaster Response and Rescue Equipment','Disaster Response and Rescue Equipment','2023-05-05 07:16:35'),(197,NULL,300,1,107,10705,10705091,'1-07-05-091','Accumulated Depreciation - Disaster Response and Rescue Equipment','Accumulated Depreciation - Disaster Response and Rescue Equipment','2023-05-05 07:16:35'),(198,NULL,300,1,107,10705,10705092,'1-07-05-092','Accumulated Impairment Losses - Disaster Response and Rescue Equipment','Accumulated Impairment Losses - Disaster Response and Rescue Equipment','2023-05-05 07:16:35'),(199,NULL,300,1,107,10705,10705100,'1-07-05-100','Military, Police and Security Equipment ','Military, Police and Security Equipment ','2023-05-05 07:16:35'),(200,NULL,300,1,107,10705,10705101,'1-07-05-101','Accumulated Depreciation - Military, Police and Security Equipment','Accumulated Depreciation - Military, Police and Security Equipment','2023-05-05 07:16:35'),(201,NULL,300,1,107,10705,10705102,'1-07-05-102','Accumulated Impairment Losses - Military, Police and Security Equipment','Accumulated Impairment Losses - Military, Police and Security Equipment','2023-05-05 07:16:35'),(202,NULL,300,1,107,10705,10705110,'1-07-05-110','Medical Equipment','Medical Equipment','2023-05-05 07:16:35'),(203,NULL,300,1,107,10705,10705111,'1-07-05-111','Accumulated Depreciation - Medical Equipment','Accumulated Depreciation - Medical Equipment','2023-05-05 07:16:35'),(204,NULL,300,1,107,10705,10705112,'1-07-05-112','Accumulated Impairment Losses - Medical Equipment','Accumulated Impairment Losses - Medical Equipment','2023-05-05 07:16:35'),(205,NULL,300,1,107,10705,10705120,'1-07-05-120','Printing Equipment','Printing Equipment','2023-05-05 07:16:35'),(206,NULL,300,1,107,10705,10705121,'1-07-05-121','Accumulated Depreciation - Printing Equipment','Accumulated Depreciation - Printing Equipment','2023-05-05 07:16:35'),(207,NULL,300,1,107,10705,10705122,'1-07-05-122','Accumulated Impairment Losses - Printing Equipment','Accumulated Impairment Losses - Printing Equipment','2023-05-05 07:16:35'),(208,NULL,300,1,107,10705,10705130,'1-07-05-130','Sports Equipment','Sports Equipment','2023-05-05 07:16:35'),(209,NULL,300,1,107,10705,10705131,'1-07-05-131','Accumulated Depreciation - Sports Equipment','Accumulated Depreciation - Sports Equipment','2023-05-05 07:16:35'),(210,NULL,300,1,107,10705,10705132,'1-07-05-132','Accumulated Impairment Losses - Sports Equipment','Accumulated Impairment Losses - Sports Equipment','2023-05-05 07:16:35'),(211,NULL,300,1,107,10705,10705140,'1-07-05-140','Technical and Scientific  Equipment ','Technical and Scientific  Equipment ','2023-05-05 07:16:35'),(212,NULL,300,1,107,10705,10705141,'1-07-05-141','Accumulated Depreciation - Technical and Scientific  Equipment','Accumulated Depreciation - Technical and Scientific  Equipment','2023-05-05 07:16:35'),(213,NULL,300,1,107,10705,10705142,'1-07-05-142','Accumulated Impairment Losses - Technical and Scientific  Equipment','Accumulated Impairment Losses - Technical and Scientific  Equipment','2023-05-05 07:16:35'),(214,NULL,300,1,107,10705,10705990,'1-07-05-990','Other Machinery and Equipment ','Other Machinery and Equipment ','2023-05-05 07:16:35'),(215,NULL,300,1,107,10705,10705991,'1-07-05-991','Accumulated Depreciation - Other Machinery and Equipment ','Accumulated Depreciation - Other Machinery and Equipment ','2023-05-05 07:16:35'),(216,NULL,300,1,107,10705,10705992,'1-07-05-992','Accumulated Impairment Losses - Other Machinery and Equipment ','Accumulated Impairment Losses - Other Machinery and Equipment ','2023-05-05 07:16:35'),(217,NULL,300,1,107,10706,10706010,'1-07-06-010','Motor Vehicles','Motor Vehicles','2023-05-05 07:16:35'),(218,NULL,300,1,107,10706,10706011,'1-07-06-011','Accumulated Depreciation - Motor Vehicles','Accumulated Depreciation - Motor Vehicles','2023-05-05 07:16:35'),(219,NULL,300,1,107,10706,10706012,'1-07-06-012','Accumulated Impairment Losses - Motor Vehicles','Accumulated Impairment Losses - Motor Vehicles','2023-05-05 07:16:35'),(220,NULL,300,1,107,10706,10706020,'1-07-06-020','Trains','Trains','2023-05-05 07:16:35'),(221,NULL,300,1,107,10706,10706021,'1-07-06-021','Accumulated Depreciation - Trains','Accumulated Depreciation - Trains','2023-05-05 07:16:35'),(222,NULL,300,1,107,10706,10706022,'1-07-06-022','Accumulated Impairment Losses - Trains','Accumulated Impairment Losses - Trains','2023-05-05 07:16:35'),(223,NULL,300,1,107,10706,10706030,'1-07-06-030','Aircrafts and Aircrafts Ground Equipment','Aircrafts and Aircrafts Ground Equipment','2023-05-05 07:16:35'),(224,NULL,300,1,107,10706,10706031,'1-07-06-031','Accumulated Depreciation - Aircrafts and Aircrafts Ground Equipment','Accumulated Depreciation - Aircrafts and Aircrafts Ground Equipment','2023-05-05 07:16:35'),(225,NULL,300,1,107,10706,10706032,'1-07-06-032','Accumulated Impairment Losses - Aircrafts and Aircrafts Ground Equipment','Accumulated Impairment Losses - Aircrafts and Aircrafts Ground Equipment','2023-05-05 07:16:35'),(226,NULL,300,1,107,10706,10706040,'1-07-06-040','Watercrafts','Watercrafts','2023-05-05 07:16:35'),(227,NULL,300,1,107,10706,10706041,'1-07-06-041','Accumulated Depreciation - Watercrafts','Accumulated Depreciation - Watercrafts','2023-05-05 07:16:35'),(228,NULL,300,1,107,10706,10706042,'1-07-06-042','Accumulated Impairment Losses - Watercrafts ','Accumulated Impairment Losses - Watercrafts ','2023-05-05 07:16:35'),(229,NULL,300,1,107,10706,10706990,'1-07-06-990','Other Transportation Equipment','Other Transportation Equipment','2023-05-05 07:16:35'),(230,NULL,300,1,107,10706,10706991,'1-07-06-991','Accumulated Depreciation - Other Transportation Equipment','Accumulated Depreciation - Other Transportation Equipment','2023-05-05 07:16:35'),(231,NULL,300,1,107,10706,10706992,'1-07-06-992','Accumulated Impairment Losses - Other Transportation Equipment','Accumulated Impairment Losses - Other Transportation Equipment','2023-05-05 07:16:35'),(232,NULL,300,1,107,10707,10707010,'1-07-07-010','Furniture and Fixtures ','Furniture and Fixtures ','2023-05-05 07:16:35'),(233,NULL,300,1,107,10707,10707011,'1-07-07-011','Accumulated Depreciation - Furniture and Fixtures','Accumulated Depreciation - Furniture and Fixtures','2023-05-05 07:16:35'),(234,NULL,300,1,107,10707,10707012,'1-07-07-012','Accumulated Impairment Losses - Furniture and Fixtures','Accumulated Impairment Losses - Furniture and Fixtures','2023-05-05 07:16:35'),(235,NULL,300,1,107,10707,10707020,'1-07-07-020','Books ','Books ','2023-05-05 07:16:35'),(236,NULL,300,1,107,10707,10707021,'1-07-07-021','Accumulated Depreciation - Books','Accumulated Depreciation - Books','2023-05-05 07:16:35'),(237,NULL,300,1,107,10707,10707022,'1-07-07-022','Accumulated Impairment Losses - Books','Accumulated Impairment Losses - Books','2023-05-05 07:16:35'),(238,NULL,300,1,107,10708,10708010,'1-07-08-010','Leased Assets, Land','Leased Assets, Land','2023-05-05 07:16:35'),(239,NULL,300,1,107,10708,10708011,'1-07-08-011','Accumulated Impairment Losses-Leased Assets, Land','Accumulated Impairment Losses-Leased Assets, Land','2023-05-05 07:16:35'),(240,NULL,300,1,107,10708,10708020,'1-07-08-020','Leased Assets,  Buildings and Other Structures','Leased Assets,  Buildings and Other Structures','2023-05-05 07:16:35'),(241,NULL,300,1,107,10708,10708021,'1-07-08-021','Accumulated Depreciation - Leased Assets,  Buildings and Other Structures','Accumulated Depreciation - Leased Assets,  Buildings and Other Structures','2023-05-05 07:16:35'),(242,NULL,300,1,107,10708,10708022,'1-07-08-022','Accumulated Impairment Losses - Leased Assets, Buildings and Other Structures','Accumulated Impairment Losses - Leased Assets, Buildings and Other Structures','2023-05-05 07:16:35'),(243,NULL,300,1,107,10708,10708030,'1-07-08-030','Leased Assets,  Machinery and Equipment','Leased Assets,  Machinery and Equipment','2023-05-05 07:16:35'),(244,NULL,300,1,107,10708,10708031,'1-07-08-031','Accumulated Depreciation - Leased Assets, Machinery and Equipment','Accumulated Depreciation - Leased Assets, Machinery and Equipment','2023-05-05 07:16:35'),(245,NULL,300,1,107,10708,10708032,'1-07-08-032','Accumulated Impairment Losses - Leased Assets,  Machinery and Equipment','Accumulated Impairment Losses - Leased Assets,  Machinery and Equipment','2023-05-05 07:16:35'),(246,NULL,300,1,107,10708,10708040,'1-07-08-040','Leased Assets, Transportation Equipment','Leased Assets, Transportation Equipment','2023-05-05 07:16:35'),(247,NULL,300,1,107,10708,10708041,'1-07-08-041','Accumulated Depreciation - Leased Assets, Transportation Equipment','Accumulated Depreciation - Leased Assets, Transportation Equipment','2023-05-05 07:16:35'),(248,NULL,300,1,107,10708,10708042,'1-07-08-042','Accumulated Impairment Losses - Leased Assets,  Transportation Equipment','Accumulated Impairment Losses - Leased Assets,  Transportation Equipment','2023-05-05 07:16:35'),(249,NULL,300,1,107,10708,10708990,'1-07-08-990','Other Leased Assets','Other Leased Assets','2023-05-05 07:16:35'),(250,NULL,300,1,107,10708,10708991,'1-07-08-991','Accumulated Depreciation - Other Leased Assets','Accumulated Depreciation - Other Leased Assets','2023-05-05 07:16:35'),(251,NULL,300,1,107,10708,10708992,'1-07-08-992','Accumulated Impairment Losses - Other Leased Assets','Accumulated Impairment Losses - Other Leased Assets','2023-05-05 07:16:35'),(252,NULL,300,1,107,10709,10709010,'1-07-09-010','Leased Assets Improvements, Land','Leased Assets Improvements, Land','2023-05-05 07:16:35'),(253,NULL,300,1,107,10709,10709011,'1-07-09-011','Accumulated Depreciation - Leased Assets Improvements, Land','Accumulated Depreciation - Leased Assets Improvements, Land','2023-05-05 07:16:35'),(254,NULL,300,1,107,10709,10709012,'1-07-09-012','Accumulated Impairment Losses - Leased Assets Improvements, Land','Accumulated Impairment Losses - Leased Assets Improvements, Land','2023-05-05 07:16:35'),(255,NULL,300,1,107,10709,10709020,'1-07-09-020','Leased Assets Improvements, Buildings','Leased Assets Improvements, Buildings','2023-05-05 07:16:35'),(256,NULL,300,1,107,10709,10709021,'1-07-09-021','Accumulated Depreciation - Leased Assets Improvements, Buildings','Accumulated Depreciation - Leased Assets Improvements, Buildings','2023-05-05 07:16:35'),(257,NULL,300,1,107,10709,10709022,'1-07-09-022','Accumulated Impairment Losses - Leased Assets Improvements, Buildings','Accumulated Impairment Losses - Leased Assets Improvements, Buildings','2023-05-05 07:16:35'),(258,NULL,300,1,107,10709,10709990,'1-07-09-990','Other Leased Assets Improvements','Other Leased Assets Improvements','2023-05-05 07:16:35'),(259,NULL,300,1,107,10709,10709991,'1-07-09-991','Accumulated Depreciation - Other Leased Assets Improvements','Accumulated Depreciation - Other Leased Assets Improvements','2023-05-05 07:16:35'),(260,NULL,300,1,107,10709,10709992,'1-07-09-992','Accumulated Impairment Losses - Other Leased Assets Improvements','Accumulated Impairment Losses - Other Leased Assets Improvements','2023-05-05 07:16:35'),(261,NULL,300,1,107,10710,10710010,'1-07-10-010','Construction in Progress - Land Improvements','Construction in Progress - Land Improvements','2023-05-05 07:16:35'),(262,NULL,300,1,107,10710,10710020,'1-07-10-020','Construction in Progress - Infrastructure Assets ','Construction in Progress - Infrastructure Assets ','2023-05-05 07:16:35'),(263,NULL,300,1,107,10710,10710030,'1-07-10-030','Construction in Progress - Buildings and Other Structures','Construction in Progress - Buildings and Other Structures','2023-05-05 07:16:35'),(264,NULL,300,1,107,10710,10710040,'1-07-10-040','Construction in Progress - Leased Assets ','Construction in Progress - Leased Assets ','2023-05-05 07:16:35'),(265,NULL,300,1,107,10710,10710050,'1-07-10-050','Construction in Progress - Leased Assets Improvements ','Construction in Progress - Leased Assets Improvements ','2023-05-05 07:16:35'),(266,NULL,300,1,107,10711,10711010,'1-07-11-010','Service Concession Assets','Service Concession Assets','2023-05-05 07:16:35'),(267,NULL,300,1,107,10711,10711011,'1-07-11-011','Accumulated Depreciation - Service Concession Assets','Accumulated Depreciation - Service Concession Assets','2023-05-05 07:16:35'),(268,NULL,300,1,107,10711,10711012,'1-07-11-012','Accumulated Impairment Losses - Service Concession Assets','Accumulated Impairment Losses - Service Concession Assets','2023-05-05 07:16:35'),(269,NULL,300,1,107,10799,10799010,'1-07-99-010','Work/Zoo Animals','Work/Zoo Animals','2023-05-05 07:16:35'),(270,NULL,300,1,107,10799,10799011,'1-07-99-011','Accumulated Depreciation - Work/Zoo Animals','Accumulated Depreciation - Work/Zoo Animals','2023-05-05 07:16:35'),(271,NULL,300,1,107,10799,10799012,'1-07-99-012','Accumulated Impairment Losses - Work/Zoo Animals','Accumulated Impairment Losses - Work/Zoo Animals','2023-05-05 07:16:35'),(272,NULL,300,1,107,10799,10799990,'1-07-99-990','Other Property, Plant and Equipment','Other Property, Plant and Equipment','2023-05-05 07:16:35'),(273,NULL,300,1,107,10799,10799991,'1-07-99-991','Accumulated Depreciation - Other Property, Plant and Equipment','Accumulated Depreciation - Other Property, Plant and Equipment','2023-05-05 07:16:35'),(274,NULL,300,1,107,10799,10799992,'1-07-99-992','Accumulated Impairment Losses - Other Property, Plant and Equipment','Accumulated Impairment Losses - Other Property, Plant and Equipment','2023-05-05 07:16:35'),(275,NULL,300,1,108,10801,10801010,'1-08-01-010','Breeding Stocks','Breeding Stocks','2023-05-05 07:16:35'),(276,NULL,300,1,108,10801,10801020,'1-08-01-020','Plants and Trees ','Plants and Trees ','2023-05-05 07:16:35'),(277,NULL,300,1,108,10801,10801030,'1-08-01-030','Aquaculture','Aquaculture','2023-05-05 07:16:35'),(278,NULL,300,1,108,10801,10801990,'1-08-01-990','Other Bearer Biological Assets','Other Bearer Biological Assets','2023-05-05 07:16:35'),(279,NULL,300,1,109,10901,10901010,'1-09-01-010','Patents/Copyrights','Patents/Copyrights','2023-05-05 07:16:35'),(280,NULL,300,1,109,10901,10901011,'1-09-01-011','Accumulated Amortization - Patents/Copyrights','Accumulated Amortization - Patents/Copyrights','2023-05-05 07:16:35'),(281,NULL,300,1,109,10901,10901012,'1-09-01-012','Accumulated Impairment - Patents/Copyrights','Accumulated Impairment - Patents/Copyrights','2023-05-05 07:16:35'),(282,NULL,300,1,109,10901,10901020,'1-09-01-020','Computer Software','Computer Software','2023-05-05 07:16:35'),(283,NULL,300,1,109,10901,10901021,'1-09-01-021','Accumulated Amortization - Computer Software','Accumulated Amortization - Computer Software','2023-05-05 07:16:35'),(284,NULL,300,1,109,10901,10901022,'1-09-01-022','Accumulated Impairment - Computer Software','Accumulated Impairment - Computer Software','2023-05-05 07:16:35'),(285,NULL,300,1,109,10901,10901990,'1-09-01-990','Other Intangible Assets','Other Intangible Assets','2023-05-05 07:16:35'),(286,NULL,300,1,109,10901,10901991,'1-09-01-991','Accumulated Amortization - Other Intangible Assets','Accumulated Amortization - Other Intangible Assets','2023-05-05 07:16:35'),(287,NULL,300,1,109,10901,10901992,'1-09-01-992','Accumulated Impairment - Other Intangible Assets','Accumulated Impairment - Other Intangible Assets','2023-05-05 07:16:35'),(288,NULL,300,1,109,10902,10902010,'1-09-02-010','Service Concession Assets - Intangible Assets','Service Concession Assets - Intangible Assets','2023-05-05 07:16:35'),(289,NULL,NULL,2,201,20101,20101010,'2-01-01-010','Accounts Payable','Accounts Payable','2023-05-05 07:16:35'),(290,NULL,NULL,2,201,20101,20101020,'2-01-01-020','Due to Officers and Employees','Due to Officers and Employees','2023-05-05 07:16:35'),(291,NULL,NULL,2,201,20101,20101040,'2-01-01-040','Notes Payable','Notes Payable','2023-05-05 07:16:35'),(292,NULL,NULL,2,201,20101,20101050,'2-01-01-050','Interest Payable','Interest Payable','2023-05-05 07:16:35'),(293,NULL,NULL,2,201,20101,20101060,'2-01-01-060','Operating Lease Payable','Operating Lease Payable','2023-05-05 07:16:35'),(294,NULL,NULL,2,201,20101,20101070,'2-01-01-070','Finance Lease Payable','Finance Lease Payable','2023-05-05 07:16:35'),(295,NULL,NULL,2,201,20101,20101080,'2-01-01-080','Awards and Rewards Payable','Awards and Rewards Payable','2023-05-05 07:16:35'),(296,NULL,NULL,2,201,20101,20101090,'2-01-01-090','Service Concession Arrangement Payable','Service Concession Arrangement Payable','2023-05-05 07:16:35'),(297,NULL,NULL,2,201,20101,20101100,'2-01-01-100','Pension Benefits Payable','Pension Benefits Payable','2023-05-05 07:16:35'),(298,NULL,NULL,2,201,20101,20101110,'2-01-01-110','Leave Benefits Payable','Leave Benefits Payable','2023-05-05 07:16:35'),(299,NULL,NULL,2,201,20101,20101120,'2-01-01-120','Retirement Gratuity Payable','Retirement Gratuity Payable','2023-05-05 07:16:35'),(300,NULL,NULL,2,201,20102,20102020,'2-01-02-020','Bonds Payable - Domestic','Bonds Payable - Domestic','2023-05-05 07:16:35'),(301,NULL,NULL,2,201,20102,20102021,'2-01-02-021','Discount on Bonds Payable - Domestic','Discount on Bonds Payable - Domestic','2023-05-05 07:16:35'),(302,NULL,NULL,2,201,20102,20102022,'2-01-02-022','Premium on Bonds Payable - Domestic','Premium on Bonds Payable - Domestic','2023-05-05 07:16:35'),(303,NULL,NULL,2,201,20102,20102040,'2-01-02-040','Loans Payable - Domestic','Loans Payable - Domestic','2023-05-05 07:16:35'),(304,NULL,NULL,2,201,20102,20102050,'2-01-02-050','Loans Payable - Foreign','Loans Payable - Foreign','2023-05-05 07:16:35'),(305,NULL,NULL,2,202,20201,20201010,'2-02-01-010','Due to BIR','Due to BIR','2023-05-05 07:16:35'),(306,NULL,NULL,2,202,20201,20201020,'2-02-01-020','Due to GSIS','Due to GSIS','2023-05-05 07:16:35'),(307,NULL,NULL,2,202,20201,20201030,'2-02-01-030','Due to Pag-IBIG','Due to Pag-IBIG','2023-05-05 07:16:35'),(308,NULL,NULL,2,202,20201,20201040,'2-02-01-040','Due to PhilHealth','Due to PhilHealth','2023-05-05 07:16:35'),(309,NULL,NULL,2,202,20201,20201050,'2-02-01-050','Due to NGAs','Due to NGAs','2023-05-05 07:16:35'),(310,NULL,NULL,2,202,20201,20201060,'2-02-01-060','Due to GOCCs','Due to GOCCs','2023-05-05 07:16:35'),(311,NULL,NULL,2,202,20201,20201070,'2-02-01-070','Due to LGUs','Due to LGUs','2023-05-05 07:16:35'),(312,NULL,NULL,2,202,20201,20201080,'2-02-01-080','Due to Joint Venture','Due to Joint Venture','2023-05-05 07:16:35'),(313,NULL,NULL,2,203,20301,20301010,'2-03-01-010','Due to Other Funds','Due to Other Funds','2023-05-05 07:16:35'),(314,NULL,NULL,2,203,20301,20301020,'2-03-01-020','Due to Special Accounts','Due to Special Accounts','2023-05-05 07:16:35'),(315,NULL,NULL,2,203,20301,20301030,'2-03-01-030','Due to Local Economic Enterprises','Due to Local Economic Enterprises','2023-05-05 07:16:35'),(316,NULL,NULL,2,204,20401,20401010,'2-04-01-010','Trust Liabilities','Trust Liabilities','2023-05-05 07:16:35'),(317,NULL,NULL,2,204,20401,20401020,'2-04-01-020','Trust Liabilities - Disaster Risk Reduction and Management Fund','Trust Liabilities - Disaster Risk Reduction and Management Fund','2023-05-05 07:16:35'),(318,NULL,NULL,2,204,20401,20401030,'2-04-01-030','Bail Bonds Payable','Bail Bonds Payable','2023-05-05 07:16:35'),(319,NULL,NULL,2,204,20401,20401040,'2-04-01-040','Guaranty/Security Deposits Payable ','Guaranty/Security Deposits Payable ','2023-05-05 07:16:35'),(320,NULL,NULL,2,204,20401,20401050,'2-04-01-050','Customers\' Deposits Payable','Customers\' Deposits Payable','2023-05-05 07:16:35'),(321,NULL,NULL,2,205,20501,20501010,'2-05-01-010','Deferred Real Property Tax','Deferred Real Property Tax','2023-05-05 07:16:35'),(322,NULL,NULL,2,205,20501,20501020,'2-05-01-020','Deferred Special Education Tax','Deferred Special Education Tax','2023-05-05 07:16:35'),(323,NULL,NULL,2,205,20501,20501030,'2-05-01-030','Deferred Finance Lease Revenue','Deferred Finance Lease Revenue','2023-05-05 07:16:35'),(324,NULL,NULL,2,205,20501,20501040,'2-05-01-040','Deferred Service Concession Revenue','Deferred Service Concession Revenue','2023-05-05 07:16:35'),(325,NULL,NULL,2,205,20501,20501050,'2-05-01-050','Unearned Revenue - Investment Property ','Unearned Revenue - Investment Property ','2023-05-05 07:16:35'),(326,NULL,NULL,2,205,20501,20501990,'2-05-01-990','Other Deferred Credits ','Other Deferred Credits ','2023-05-05 07:16:35'),(327,NULL,NULL,2,206,20601,20601040,'2-06-01-040','Termination Benefits','Termination Benefits','2023-05-05 07:16:35'),(328,NULL,NULL,2,206,20601,20601990,'2-06-01-990','Other Provisions','Other Provisions','2023-05-05 07:16:35'),(329,NULL,NULL,2,299,29999,29999990,'2-99-99-990','Other Payables','Other Payables','2023-05-05 07:16:35'),(330,NULL,NULL,3,301,30101,30101010,'3-01-01-010','Government Equity  ','Government Equity  ','2023-05-05 07:16:35'),(331,NULL,NULL,3,301,30101,30101020,'3-01-01-020','Prior Period Adjustment','Prior Period Adjustment','2023-05-05 07:16:35'),(332,NULL,NULL,3,302,30201,30201010,'3-02-01-010','Income and Expense Summary ','Income and Expense Summary ','2023-05-05 07:16:35'),(333,NULL,NULL,3,303,30301,30301010,'3-03-01-010','Equity in Joint Venture','Equity in Joint Venture','2023-05-05 07:16:35'),(334,NULL,NULL,3,304,30401,30401010,'3-04-01-010','Unrealized Gain/(Loss) from Changes in the Fair Value of Financial Assets','Unrealized Gain/(Loss) from Changes in the Fair Value of Financial Assets','2023-05-05 07:16:35'),(335,NULL,NULL,4,401,40101,40101020,'4-01-01-020','Professional Tax ','Professional Tax ','2023-05-05 07:16:35'),(336,NULL,NULL,4,401,40101,40101050,'4-01-01-050','Community Tax ','Community Tax ','2023-05-05 07:16:35'),(337,NULL,NULL,4,401,40102,40102040,'4-01-02-040','Real Property Tax- Basic','Real Property Tax- Basic','2023-05-05 07:16:35'),(338,NULL,NULL,4,401,40102,40102041,'4-01-02-041','Discount on Real Property Tax- Basic','Discount on Real Property Tax- Basic','2023-05-05 07:16:35'),(339,NULL,NULL,4,401,40102,40102050,'4-01-02-050','Special Education Tax','Special Education Tax','2023-05-05 07:16:35'),(340,NULL,NULL,4,401,40102,40102051,'4-01-02-051','Discount on Special Education Tax','Discount on Special Education Tax','2023-05-05 07:16:35'),(341,NULL,NULL,4,401,40102,40102060,'4-01-02-060','Special Levy on Idle Lands','Special Levy on Idle Lands','2023-05-05 07:16:35'),(342,NULL,NULL,4,401,40102,40102070,'4-01-02-070','Special Levy on Lands Benefited by Public Works Projects','Special Levy on Lands Benefited by Public Works Projects','2023-05-05 07:16:35'),(343,NULL,NULL,4,401,40102,40102080,'4-01-02-080','Real Property Transfer Tax','Real Property Transfer Tax','2023-05-05 07:16:35'),(344,NULL,NULL,4,401,40103,40103030,'4-01-03-030','Business Tax  ','Business Tax  ','2023-05-05 07:16:35'),(345,NULL,NULL,4,401,40103,40103040,'4-01-03-040','Tax on Sand, Gravel and Other Quarry Products ','Tax on Sand, Gravel and Other Quarry Products ','2023-05-05 07:16:35'),(346,NULL,NULL,4,401,40103,40103050,'4-01-03-050','Tax on Delivery  Trucks and Vans ','Tax on Delivery  Trucks and Vans ','2023-05-05 07:16:35'),(347,NULL,NULL,4,401,40103,40103060,'4-01-03-060','Amusement Tax ','Amusement Tax ','2023-05-05 07:16:35'),(348,NULL,NULL,4,401,40103,40103070,'4-01-03-070','Franchise Tax  ','Franchise Tax  ','2023-05-05 07:16:35'),(349,NULL,NULL,4,401,40103,40103080,'4-01-03-080','Printing and Publication Tax ','Printing and Publication Tax ','2023-05-05 07:16:35'),(350,NULL,NULL,4,401,40104,40104990,'4-01-04-990','Other Taxes','Other Taxes','2023-05-05 07:16:35'),(351,NULL,NULL,4,401,40105,40105010,'4-01-05-010','Tax Revenue - Fines and Penalties - Taxes on Individual and Corporation','Tax Revenue - Fines and Penalties - Taxes on Individual and Corporation','2023-05-05 07:16:35'),(352,NULL,NULL,4,401,40105,40105020,'4-01-05-020','Tax Revenue - Fines and Penalties - Property Taxes','Tax Revenue - Fines and Penalties - Property Taxes','2023-05-05 07:16:35'),(353,NULL,NULL,4,401,40105,40105030,'4-01-05-030','Tax Revenue - Fines and Penalties - Taxes on Goods and Services','Tax Revenue - Fines and Penalties - Taxes on Goods and Services','2023-05-05 07:16:35'),(354,NULL,NULL,4,401,40105,40105040,'4-01-05-040','Tax Revenue - Fines and Penalties - Other Taxes','Tax Revenue - Fines and Penalties - Other Taxes','2023-05-05 07:16:35'),(355,NULL,NULL,4,401,40106,40106010,'4-01-06-010','Share from Internal Revenue Collections (IRA)','Share from Internal Revenue Collections (IRA)','2023-05-05 07:16:35'),(356,NULL,NULL,4,401,40106,40106020,'4-01-06-020','Share from Expanded Value Added Tax ','Share from Expanded Value Added Tax ','2023-05-05 07:16:35'),(357,NULL,NULL,4,401,40106,40106030,'4-01-06-030','Share from National Wealth','Share from National Wealth','2023-05-05 07:16:35'),(358,NULL,NULL,4,401,40106,40106040,'4-01-06-040','Share from Tobacco Excise Tax (RA 7171 and 8240)','Share from Tobacco Excise Tax (RA 7171 and 8240)','2023-05-05 07:16:35'),(359,NULL,NULL,4,401,40106,40106050,'4-01-06-050','Share from Economic Zones','Share from Economic Zones','2023-05-05 07:16:35'),(360,NULL,NULL,4,402,40201,40201010,'4-02-01-010','Permit Fees','Permit Fees','2023-05-05 07:16:35'),(361,NULL,NULL,4,402,40201,40201020,'4-02-01-020','Registration Fees','Registration Fees','2023-05-05 07:16:35'),(362,NULL,NULL,4,402,40201,40201030,'4-02-01-030','Registration Plates, Tags and Stickers Fees','Registration Plates, Tags and Stickers Fees','2023-05-05 07:16:35'),(363,NULL,NULL,4,402,40201,40201040,'4-02-01-040','Clearance and Certification Fees','Clearance and Certification Fees','2023-05-05 07:16:35'),(364,NULL,NULL,4,402,40201,40201070,'4-02-01-070','Supervision and Regulation Enforcement Fees','Supervision and Regulation Enforcement Fees','2023-05-05 07:16:35'),(365,NULL,NULL,4,402,40201,40201100,'4-02-01-100','Inspection Fees','Inspection Fees','2023-05-05 07:16:35'),(366,NULL,NULL,4,402,40201,40201110,'4-02-01-110','Verification and Authentication Fees','Verification and Authentication Fees','2023-05-05 07:16:35'),(367,NULL,NULL,4,402,40201,40201130,'4-02-01-130','Processing Fees','Processing Fees','2023-05-05 07:16:35'),(368,NULL,NULL,4,402,40201,40201140,'4-02-01-140','Occupation Fees','Occupation Fees','2023-05-05 07:16:35'),(369,NULL,NULL,4,402,40201,40201150,'4-02-01-150','Fishery Rentals, Fees and Charges','Fishery Rentals, Fees and Charges','2023-05-05 07:16:35'),(370,NULL,NULL,4,402,40201,40201160,'4-02-01-160','Fees for Sealing  and Licensing of Weights and Measures','Fees for Sealing  and Licensing of Weights and Measures','2023-05-05 07:16:35'),(371,NULL,NULL,4,402,40201,40201980,'4-02-01-980','Fines and Penalties - Service Income ','Fines and Penalties - Service Income ','2023-05-05 07:16:35'),(372,NULL,NULL,4,402,40201,40201990,'4-02-01-990','Other Service Income','Other Service Income','2023-05-05 07:16:35'),(373,NULL,NULL,4,402,40202,40202010,'4-02-02-010','School Fees','School Fees','2023-05-05 07:16:35'),(374,NULL,NULL,4,402,40202,40202020,'4-02-02-020','Affiliation Fees','Affiliation Fees','2023-05-05 07:16:35'),(375,NULL,NULL,4,402,40202,40202040,'4-02-02-040','Seminar/Training Fees','Seminar/Training Fees','2023-05-05 07:16:35'),(376,NULL,NULL,4,402,40202,40202050,'4-02-02-050','Rent Income ','Rent Income ','2023-05-05 07:16:35'),(377,NULL,NULL,4,402,40202,40202060,'4-02-02-060','Communication Network Fees ','Communication Network Fees ','2023-05-05 07:16:35'),(378,NULL,NULL,4,402,40202,40202070,'4-02-02-070','Transportation System Fees ','Transportation System Fees ','2023-05-05 07:16:35'),(379,NULL,NULL,4,402,40202,40202080,'4-02-02-080','Road Network  Fees ','Road Network  Fees ','2023-05-05 07:16:35'),(380,NULL,NULL,4,402,40202,40202090,'4-02-02-090','Waterworks System Fees ','Waterworks System Fees ','2023-05-05 07:16:35'),(381,NULL,NULL,4,402,40202,40202100,'4-02-02-100','Power Supply System Fees','Power Supply System Fees','2023-05-05 07:16:35'),(382,NULL,NULL,4,402,40202,40202110,'4-02-02-110','Seaport  System Fees ','Seaport  System Fees ','2023-05-05 07:16:35'),(383,NULL,NULL,4,402,40202,40202120,'4-02-02-120','Parking Fees ','Parking Fees ','2023-05-05 07:16:35'),(384,NULL,NULL,4,402,40202,40202130,'4-02-02-130','Receipts  from Operation of Hostels/Dormitories and Other Like Facilities','Receipts  from Operation of Hostels/Dormitories and Other Like Facilities','2023-05-05 07:16:35'),(385,NULL,NULL,4,402,40202,40202140,'4-02-02-140','Receipts from Market Operations','Receipts from Market Operations','2023-05-05 07:16:35'),(386,NULL,NULL,4,402,40202,40202150,'4-02-02-150','Receipts from Slaughterhouse Operation ','Receipts from Slaughterhouse Operation ','2023-05-05 07:16:35'),(387,NULL,NULL,4,402,40202,40202160,'4-02-02-160','Receipts from Cemetery Operations','Receipts from Cemetery Operations','2023-05-05 07:16:35'),(388,NULL,NULL,4,402,40202,40202170,'4-02-02-170','Receipts from Printing and Publication ','Receipts from Printing and Publication ','2023-05-05 07:16:35'),(389,NULL,NULL,4,402,40202,40202180,'4-02-02-180','Sales Revenue','Sales Revenue','2023-05-05 07:16:35'),(390,NULL,NULL,4,402,40202,40202181,'4-02-02-181','Sales Discounts','Sales Discounts','2023-05-05 07:16:35'),(391,NULL,NULL,4,402,40202,40202190,'4-02-02-190','Garbage Fees','Garbage Fees','2023-05-05 07:16:35'),(392,NULL,NULL,4,402,40202,40202200,'4-02-02-200','Hospital Fees','Hospital Fees','2023-05-05 07:16:35'),(393,NULL,NULL,4,402,40202,40202210,'4-02-02-210','Dividend Income','Dividend Income','2023-05-05 07:16:35'),(394,NULL,NULL,4,402,40202,40202220,'4-02-02-220','Interest Income ','Interest Income ','2023-05-05 07:16:35'),(395,NULL,NULL,4,402,40202,40202230,'4-02-02-230','Service Concession Revenue','Service Concession Revenue','2023-05-05 07:16:35'),(396,NULL,NULL,4,402,40202,40202240,'4-02-02-240','Other Service Concession Revenue','Other Service Concession Revenue','2023-05-05 07:16:35'),(397,NULL,NULL,4,402,40202,40202250,'4-02-02-250','Lease Revenue','Lease Revenue','2023-05-05 07:16:35'),(398,NULL,NULL,4,402,40202,40202260,'4-02-02-260','Share in the Profit of Joint Venture','Share in the Profit of Joint Venture','2023-05-05 07:16:35'),(399,NULL,NULL,4,402,40202,40202980,'4-02-02-980','Fines and Penalties - Business Income ','Fines and Penalties - Business Income ','2023-05-05 07:16:35'),(400,NULL,NULL,4,402,40202,40202990,'4-02-02-990','Other Business Income','Other Business Income','2023-05-05 07:16:35'),(401,NULL,NULL,4,403,40301,40301010,'4-03-01-010','Subsidy from National Government','Subsidy from National Government','2023-05-05 07:16:35'),(402,NULL,NULL,4,403,40301,40301020,'4-03-01-020','Subsidy  from Local Government Units','Subsidy  from Local Government Units','2023-05-05 07:16:35'),(403,NULL,NULL,4,403,40301,40301030,'4-03-01-030','Subsidy from Government-Owned and/or Controlled Corporations ','Subsidy from Government-Owned and/or Controlled Corporations ','2023-05-05 07:16:35'),(404,NULL,NULL,4,403,40301,40301040,'4-03-01-040','Subsidy from Other Funds','Subsidy from Other Funds','2023-05-05 07:16:35'),(405,NULL,NULL,4,403,40301,40301050,'4-03-01-050','Subsidy from General Fund Proper/Other Special Accounts','Subsidy from General Fund Proper/Other Special Accounts','2023-05-05 07:16:35'),(406,NULL,NULL,4,403,40301,40301060,'4-03-01-060','Subsidy from Other Local Economic Enterprise','Subsidy from Other Local Economic Enterprise','2023-05-05 07:16:35'),(407,NULL,NULL,4,403,40302,40302010,'4-03-02-010','Transfers from General Fund of LGU Counterpart/Equity Share','Transfers from General Fund of LGU Counterpart/Equity Share','2023-05-05 07:16:35'),(408,NULL,NULL,4,403,40302,40302020,'4-03-02-020','Transfers from General Fund of Unspent DRRMF ','Transfers from General Fund of Unspent DRRMF ','2023-05-05 07:16:35'),(409,NULL,NULL,4,404,40401,40401010,'4-04-01-010','Share from PAGCOR','Share from PAGCOR','2023-05-05 07:16:35'),(410,NULL,NULL,4,404,40401,40401020,'4-04-01-020','Share from PCSO','Share from PCSO','2023-05-05 07:16:35'),(411,NULL,NULL,4,404,40402,40402010,'4-04-02-010','Grants and Donations in Cash','Grants and Donations in Cash','2023-05-05 07:16:35'),(412,NULL,NULL,4,404,40402,40402020,'4-04-02-020','Grants and Donations in Kind ','Grants and Donations in Kind ','2023-05-05 07:16:35'),(413,NULL,NULL,4,404,40402,40402030,'4-04-02-030','Grants from Concessionary loans','Grants from Concessionary loans','2023-05-05 07:16:35'),(414,NULL,NULL,4,405,40501,40501010,'4-05-01-010','Gain from Changes in Fair Value of Financial Instruments','Gain from Changes in Fair Value of Financial Instruments','2023-05-05 07:16:35'),(415,NULL,NULL,4,405,40501,40501020,'4-05-01-020','Gain on Foreign Exchange (FOREX)','Gain on Foreign Exchange (FOREX)','2023-05-05 07:16:35'),(416,NULL,NULL,4,405,40501,40501030,'4-05-01-030','Gain on Sale of Investments','Gain on Sale of Investments','2023-05-05 07:16:35'),(417,NULL,NULL,4,405,40501,40501040,'4-05-01-040','Gain on Sale of Investment Property','Gain on Sale of Investment Property','2023-05-05 07:16:35'),(418,NULL,NULL,4,405,40501,40501050,'4-05-01-050','Gain on Sale of Property, Plant and Equipment','Gain on Sale of Property, Plant and Equipment','2023-05-05 07:16:35'),(419,NULL,NULL,4,405,40501,40501060,'4-05-01-060','Gain on Initial Recognition of Biological Assets','Gain on Initial Recognition of Biological Assets','2023-05-05 07:16:35'),(420,NULL,NULL,4,405,40501,40501070,'4-05-01-070','Gain on Sale of Biological Assets','Gain on Sale of Biological Assets','2023-05-05 07:16:35'),(421,NULL,NULL,4,405,40501,40501080,'4-05-01-080','Gain from Changes in Fair Value  Less Cost to Sell of Biological Assets Due to Physical Change','Gain from Changes in Fair Value  Less Cost to Sell of Biological Assets Due to Physical Change','2023-05-05 07:16:35'),(422,NULL,NULL,4,405,40501,40501090,'4-05-01-090','Gain from Changes in Fair Value  Less Cost to Sell of Biological Assets Due to Price Change','Gain from Changes in Fair Value  Less Cost to Sell of Biological Assets Due to Price Change','2023-05-05 07:16:35'),(423,NULL,NULL,4,405,40501,40501100,'4-05-01-100','Gain from Initial Recognition of Agricultural Produce','Gain from Initial Recognition of Agricultural Produce','2023-05-05 07:16:35'),(424,NULL,NULL,4,405,40501,40501110,'4-05-01-110','Gain on Sale of Intangible Assets','Gain on Sale of Intangible Assets','2023-05-05 07:16:35'),(425,NULL,NULL,4,405,40501,40501120,'4-05-01-120','Reversal of Impairment Losses','Reversal of Impairment Losses','2023-05-05 07:16:35'),(426,NULL,NULL,4,405,40501,40501990,'4-05-01-990','Other Gains ','Other Gains ','2023-05-05 07:16:35'),(427,NULL,NULL,4,406,40601,40601010,'4-06-01-010','Miscellaneous Income','Miscellaneous Income','2023-05-05 07:16:35'),(428,NULL,NULL,4,407,40701,40701010,'4-07-01-010','Sale of Garnished/Confiscated/Abandoned/Seized Goods and Properties','Sale of Garnished/Confiscated/Abandoned/Seized Goods and Properties','2023-05-05 07:16:35'),(429,NULL,100,5,501,50101,50101010,'5-01-01-010','Salaries and Wages - Regular','Salaries and Wages - Regular','2023-05-05 07:16:35'),(430,NULL,100,5,501,50101,50101020,'5-01-01-020','Salaries and Wages - Casual/Contractual','Salaries and Wages - Casual/Contractual','2023-05-05 07:16:35'),(431,NULL,100,5,501,50102,50102010,'5-01-02-010','Personal Economic Relief Allowance (PERA)','Personal Economic Relief Allowance (PERA)','2023-05-05 07:16:35'),(432,NULL,100,5,501,50102,50102020,'5-01-02-020','Representation Allowance (RA)','Representation Allowance (RA)','2023-05-05 07:16:35'),(433,NULL,100,5,501,50102,50102030,'5-01-02-030','Transportation Allowance (TA)','Transportation Allowance (TA)','2023-05-05 07:16:35'),(434,NULL,100,5,501,50102,50102040,'5-01-02-040','Clothing/Uniform Allowance','Clothing/Uniform Allowance','2023-05-05 07:16:35'),(435,NULL,100,5,501,50102,50102050,'5-01-02-050','Subsistence Allowance','Subsistence Allowance','2023-05-05 07:16:35'),(436,NULL,100,5,501,50102,50102060,'5-01-02-060','Laundry  Allowance','Laundry  Allowance','2023-05-05 07:16:35'),(437,NULL,100,5,501,50102,50102070,'5-01-02-070','Quarters Allowance','Quarters Allowance','2023-05-05 07:16:35'),(438,NULL,100,5,501,50102,50102080,'5-01-02-080','Productivity Incentive Allowance','Productivity Incentive Allowance','2023-05-05 07:16:35'),(439,NULL,100,5,501,50102,50102090,'5-01-02-090','Overseas Allowance','Overseas Allowance','2023-05-05 07:16:35'),(440,NULL,100,5,501,50102,50102100,'5-01-02-100','Honoraria','Honoraria','2023-05-05 07:16:35'),(441,NULL,100,5,501,50102,50102110,'5-01-02-110','Hazard Pay','Hazard Pay','2023-05-05 07:16:35'),(442,NULL,100,5,501,50102,50102120,'5-01-02-120','Longevity Pay','Longevity Pay','2023-05-05 07:16:35'),(443,NULL,100,5,501,50102,50102130,'5-01-02-130','Overtime and Night Pay','Overtime and Night Pay','2023-05-05 07:16:35'),(444,NULL,100,5,501,50102,50102140,'5-01-02-140','Year End Bonus','Year End Bonus','2023-05-05 07:16:35'),(445,NULL,100,5,501,50102,50102150,'5-01-02-150','Cash Gift','Cash Gift','2023-05-05 07:16:35'),(446,NULL,100,5,501,50102,50102990,'5-01-02-990','Other Bonuses and Allowances','Other Bonuses and Allowances','2023-05-05 07:16:35'),(447,NULL,100,5,501,50103,50103010,'5-01-03-010','Retirement and Life Insurance Premiums','Retirement and Life Insurance Premiums','2023-05-05 07:16:35'),(448,NULL,100,5,501,50103,50103020,'5-01-03-020','Pag-IBIG Contributions','Pag-IBIG Contributions','2023-05-05 07:16:35'),(449,NULL,100,5,501,50103,50103030,'5-01-03-030','PhilHealth Contributions','PhilHealth Contributions','2023-05-05 07:16:35'),(450,NULL,100,5,501,50103,50103040,'5-01-03-040','Employees Compensation Insurance Premiums','Employees Compensation Insurance Premiums','2023-05-05 07:16:35'),(451,NULL,100,5,501,50103,50103050,'5-01-03-050','Provident/Welfare Fund Contributions','Provident/Welfare Fund Contributions','2023-05-05 07:16:35'),(452,NULL,100,5,501,50104,50104010,'5-01-04-010','Pension Benefits ','Pension Benefits ','2023-05-05 07:16:35'),(453,NULL,100,5,501,50104,50104020,'5-01-04-020','Retirement Gratuity ','Retirement Gratuity ','2023-05-05 07:16:35'),(454,NULL,100,5,501,50104,50104030,'5-01-04-030','Terminal Leave Benefits','Terminal Leave Benefits','2023-05-05 07:16:35'),(455,NULL,100,5,501,50104,50104990,'5-01-04-990','Other Personnel Benefits','Other Personnel Benefits','2023-05-05 07:16:35'),(456,NULL,200,5,502,50201,50201010,'5-02-01-010','Traveling Expenses - Local','Traveling Expenses - Local','2023-05-05 07:16:35'),(457,NULL,200,5,502,50201,50201020,'5-02-01-020','Traveling Expenses - Foreign','Traveling Expenses - Foreign','2023-05-05 07:16:35'),(458,NULL,200,5,502,50202,50202010,'5-02-02-010','Training Expenses','Training Expenses','2023-05-05 07:16:35'),(459,NULL,200,5,502,50202,50202020,'5-02-02-020','Scholarship Grants/Expenses','Scholarship Grants/Expenses','2023-05-05 07:16:35'),(460,NULL,200,5,502,50203,50203010,'5-02-03-010','Office Supplies Expenses ','Office Supplies Expenses ','2023-05-05 07:16:35'),(461,NULL,200,5,502,50203,50203020,'5-02-03-020','Accountable Forms Expenses','Accountable Forms Expenses','2023-05-05 07:16:35'),(462,NULL,200,5,502,50203,50203030,'5-02-03-030','Non-Accountable Forms Expenses','Non-Accountable Forms Expenses','2023-05-05 07:16:35'),(463,NULL,200,5,502,50203,50203040,'5-02-03-040','Animal/Zoological Supplies Expenses','Animal/Zoological Supplies Expenses','2023-05-05 07:16:35'),(464,NULL,200,5,502,50203,50203050,'5-02-03-050','Food Supplies Expenses','Food Supplies Expenses','2023-05-05 07:16:35'),(465,NULL,200,5,502,50203,50203060,'5-02-03-060','Welfare Goods Expenses','Welfare Goods Expenses','2023-05-05 07:16:35'),(466,NULL,200,5,502,50203,50203070,'5-02-03-070','Drugs and Medicines Expenses','Drugs and Medicines Expenses','2023-05-05 07:16:35'),(467,NULL,200,5,502,50203,50203080,'5-02-03-080','Medical, Dental and Laboratory Supplies Expenses','Medical, Dental and Laboratory Supplies Expenses','2023-05-05 07:16:35'),(468,NULL,200,5,502,50203,50203090,'5-02-03-090','Fuel, Oil and Lubricants Expenses','Fuel, Oil and Lubricants Expenses','2023-05-05 07:16:35'),(469,NULL,200,5,502,50203,50203100,'5-02-03-100','Agricultural and Marine Supplies Expenses','Agricultural and Marine Supplies Expenses','2023-05-05 07:16:35'),(470,NULL,200,5,502,50203,50203110,'5-02-03-110','Textbooks and Instructional Materials Expenses','Textbooks and Instructional Materials Expenses','2023-05-05 07:16:35'),(471,NULL,200,5,502,50203,50203120,'5-02-03-120','Military, Police and Traffic Supplies Expenses','Military, Police and Traffic Supplies Expenses','2023-05-05 07:16:35'),(472,NULL,200,5,502,50203,50203130,'5-02-03-130','Chemical and Filtering Supplies Expenses','Chemical and Filtering Supplies Expenses','2023-05-05 07:16:35'),(473,NULL,200,5,502,50203,50203990,'5-02-03-990','Other Supplies and Materials Expenses','Other Supplies and Materials Expenses','2023-05-05 07:16:35'),(474,NULL,200,5,502,50204,50204010,'5-02-04-010','Water Expenses','Water Expenses','2023-05-05 07:16:35'),(475,NULL,200,5,502,50204,50204020,'5-02-04-020','Electricity Expenses','Electricity Expenses','2023-05-05 07:16:35'),(476,NULL,200,5,502,50205,50205010,'5-02-05-010','Postage and Courier Services ','Postage and Courier Services ','2023-05-05 07:16:35'),(477,NULL,200,5,502,50205,50205020,'5-02-05-020','Telephone Expenses','Telephone Expenses','2023-05-05 07:16:35'),(478,NULL,200,5,502,50205,50205030,'5-02-05-030','Internet Subscription Expenses','Internet Subscription Expenses','2023-05-05 07:16:35'),(479,NULL,200,5,502,50205,50205040,'5-02-05-040','Cable, Satellite, Telegraph and Radio Expenses','Cable, Satellite, Telegraph and Radio Expenses','2023-05-05 07:16:35'),(480,NULL,200,5,502,50206,50206010,'5-02-06-010','Awards/Rewards Expenses','Awards/Rewards Expenses','2023-05-05 07:16:35'),(481,NULL,200,5,502,50206,50206020,'5-02-06-020','Prizes','Prizes','2023-05-05 07:16:35'),(482,NULL,200,5,502,50207,50207010,'5-02-07-010','Survey Expenses','Survey Expenses','2023-05-05 07:16:35'),(483,NULL,200,5,502,50207,50207020,'5-02-07-020','Research, Exploration and Development Expenses','Research, Exploration and Development Expenses','2023-05-05 07:16:35'),(484,NULL,200,5,502,50208,50208010,'5-02-08-010','Demolition and Relocation Expenses','Demolition and Relocation Expenses','2023-05-05 07:16:35'),(485,NULL,200,5,502,50208,50208020,'5-02-08-020','Desilting and Dredging Expenses','Desilting and Dredging Expenses','2023-05-05 07:16:35'),(486,NULL,200,5,502,50209,50209010,'5-02-09-010','Generation, Transmission and Distribution Expenses','Generation, Transmission and Distribution Expenses','2023-05-05 07:16:35'),(487,NULL,200,5,502,50210,50210010,'5-02-10-010','Confidential Expenses','Confidential Expenses','2023-05-05 07:16:35'),(488,NULL,200,5,502,50210,50210020,'5-02-10-020','Intelligence Expenses','Intelligence Expenses','2023-05-05 07:16:35'),(489,NULL,200,5,502,50210,50210030,'5-02-10-030','Extraordinary and Miscellaneous Expenses','Extraordinary and Miscellaneous Expenses','2023-05-05 07:16:35'),(490,NULL,200,5,502,50211,50211010,'5-02-11-010','Legal Services','Legal Services','2023-05-05 07:16:35'),(491,NULL,200,5,502,50211,50211020,'5-02-11-020','Auditing Services','Auditing Services','2023-05-05 07:16:35'),(492,NULL,200,5,502,50211,50211030,'5-02-11-030','Consultancy Services','Consultancy Services','2023-05-05 07:16:35'),(493,NULL,200,5,502,50211,50211990,'5-02-11-990','Other Professional Services','Other Professional Services','2023-05-05 07:16:35'),(494,NULL,200,5,502,50212,50212010,'5-02-12-010','Environment/Sanitary Services','Environment/Sanitary Services','2023-05-05 07:16:35'),(495,NULL,200,5,502,50212,50212020,'5-02-12-020','Janitorial Services','Janitorial Services','2023-05-05 07:16:35'),(496,NULL,200,5,502,50212,50212030,'5-02-12-030','Security Services','Security Services','2023-05-05 07:16:35'),(497,NULL,200,5,502,50212,50212990,'5-02-12-990','Other General Services','Other General Services','2023-05-05 07:16:35'),(498,NULL,200,5,502,50213,50213010,'5-02-13-010','Repairs and Maintenance - Investment Property','Repairs and Maintenance - Investment Property','2023-05-05 07:16:35'),(499,NULL,200,5,502,50213,50213020,'5-02-13-020','Repairs and Maintenance - Land Improvements','Repairs and Maintenance - Land Improvements','2023-05-05 07:16:35'),(500,NULL,200,5,502,50213,50213030,'5-02-13-030','Repairs and Maintenance - Infrastructure Assets','Repairs and Maintenance - Infrastructure Assets','2023-05-05 07:16:35'),(501,NULL,200,5,502,50213,50213040,'5-02-13-040','Repairs and Maintenance - Buildings and Other Structures','Repairs and Maintenance - Buildings and Other Structures','2023-05-05 07:16:35'),(502,NULL,200,5,502,50213,50213050,'5-02-13-050','Repairs and Maintenance - Machinery and Equipment ','Repairs and Maintenance - Machinery and Equipment ','2023-05-05 07:16:35'),(503,NULL,200,5,502,50213,50213060,'5-02-13-060','Repairs and Maintenance - Transportation Equipment  ','Repairs and Maintenance - Transportation Equipment  ','2023-05-05 07:16:35'),(504,NULL,200,5,502,50213,50213070,'5-02-13-070','Repairs and Maintenance - Furniture and  Fixtures ','Repairs and Maintenance - Furniture and  Fixtures ','2023-05-05 07:16:35'),(505,NULL,200,5,502,50213,50213080,'5-02-13-080','Repairs and Maintenance - Leased Assets ','Repairs and Maintenance - Leased Assets ','2023-05-05 07:16:35'),(506,NULL,200,5,502,50213,50213090,'5-02-13-090','Repairs and Maintenance - Leased Assets Improvements','Repairs and Maintenance - Leased Assets Improvements','2023-05-05 07:16:35'),(507,NULL,200,5,502,50213,50213990,'5-02-13-990','Repairs and Maintenance - Other Property, Plant and Equipment','Repairs and Maintenance - Other Property, Plant and Equipment','2023-05-05 07:16:35'),(508,NULL,200,5,502,50214,50214020,'5-02-14-020','Subsidy to NGAs ','Subsidy to NGAs ','2023-05-05 07:16:35'),(509,NULL,200,5,502,50214,50214030,'5-02-14-030','Subsidy to Other Local Government Units ','Subsidy to Other Local Government Units ','2023-05-05 07:16:35'),(510,NULL,200,5,502,50214,50214060,'5-02-14-060','Subsidy to Other  Funds','Subsidy to Other  Funds','2023-05-05 07:16:35'),(511,NULL,200,5,502,50214,50214070,'5-02-14-070','Subsidy to General Fund Proper/Special Accounts','Subsidy to General Fund Proper/Special Accounts','2023-05-05 07:16:35'),(512,NULL,200,5,502,50214,50214080,'5-02-14-080','Subsidy to Local Economic Enterprises','Subsidy to Local Economic Enterprises','2023-05-05 07:16:35'),(513,NULL,200,5,502,50214,50214990,'5-02-14-990','Subsidies - Others','Subsidies - Others','2023-05-05 07:16:35'),(514,NULL,200,5,502,50215,50215010,'5-02-15-010','Transfers of Unspent Current Year DRRM Funds to the Trust Funds','Transfers of Unspent Current Year DRRM Funds to the Trust Funds','2023-05-05 07:16:35'),(515,NULL,200,5,502,50215,50215020,'5-02-15-020','Transfers for Project Equity Share /LGU Counterpart','Transfers for Project Equity Share /LGU Counterpart','2023-05-05 07:16:35'),(516,NULL,200,5,502,50216,50216010,'5-02-16-010','Taxes, Duties and Licenses','Taxes, Duties and Licenses','2023-05-05 07:16:35'),(517,NULL,200,5,502,50216,50216020,'5-02-16-020','Fidelity Bond Premiums ','Fidelity Bond Premiums ','2023-05-05 07:16:35'),(518,NULL,200,5,502,50216,50216030,'5-02-16-030','Insurance Expenses','Insurance Expenses','2023-05-05 07:16:35'),(519,NULL,200,5,502,50299,50299010,'5-02-99-010','Advertising Expenses','Advertising Expenses','2023-05-05 07:16:35'),(520,NULL,200,5,502,50299,50299020,'5-02-99-020','Printing and Publication Expenses','Printing and Publication Expenses','2023-05-05 07:16:35'),(521,NULL,200,5,502,50299,50299030,'5-02-99-030','Representation Expenses','Representation Expenses','2023-05-05 07:16:35'),(522,NULL,200,5,502,50299,50299040,'5-02-99-040','Transportation and Delivery Expenses','Transportation and Delivery Expenses','2023-05-05 07:16:35'),(523,NULL,200,5,502,50299,50299050,'5-02-99-050','Rent Expenses','Rent Expenses','2023-05-05 07:16:35'),(524,NULL,200,5,502,50299,50299060,'5-02-99-060','Membership Dues and Contributions to Organizations','Membership Dues and Contributions to Organizations','2023-05-05 07:16:35'),(525,NULL,200,5,502,50299,50299070,'5-02-99-070','Subscription Expenses','Subscription Expenses','2023-05-05 07:16:35'),(526,NULL,200,5,502,50299,50299080,'5-02-99-080','Donations','Donations','2023-05-05 07:16:35'),(527,NULL,200,5,502,50299,50299990,'5-02-99-990','Other Maintenance and Operating Expenses  ','Other Maintenance and Operating Expenses  ','2023-05-05 07:16:35'),(528,NULL,NULL,5,503,50301,50301010,'5-03-01-010','Management Supervision/Trusteeship Fees','Management Supervision/Trusteeship Fees','2023-05-05 07:16:35'),(529,NULL,NULL,5,503,50301,50301020,'5-03-01-020','Interest Expenses ','Interest Expenses ','2023-05-05 07:16:35'),(530,NULL,NULL,5,503,50301,50301030,'5-03-01-030','Guarantee Fees  ','Guarantee Fees  ','2023-05-05 07:16:35'),(531,NULL,NULL,5,503,50301,50301040,'5-03-01-040','Bank Charges','Bank Charges','2023-05-05 07:16:35'),(532,NULL,NULL,5,503,50301,50301050,'5-03-01-050','Commitment Fees  ','Commitment Fees  ','2023-05-05 07:16:35'),(533,NULL,NULL,5,503,50301,50301990,'5-03-01-990','Other Financial Charges ','Other Financial Charges ','2023-05-05 07:16:35'),(534,NULL,NULL,5,504,50401,50401010,'5-04-01-010','Direct Materials','Direct Materials','2023-05-05 07:16:35'),(535,NULL,NULL,5,504,50401,50401020,'5-04-01-020','Direct Labor','Direct Labor','2023-05-05 07:16:35'),(536,NULL,NULL,5,504,50401,50401030,'5-04-01-030','Manufacturing Overhead','Manufacturing Overhead','2023-05-05 07:16:35'),(537,NULL,NULL,5,504,50402,50402010,'5-04-02-010','Cost of Sales','Cost of Sales','2023-05-05 07:16:35'),(538,NULL,NULL,5,505,50501,50501010,'5-05-01-010','Depreciation - Investment Property','Depreciation - Investment Property','2023-05-05 07:16:35'),(539,NULL,NULL,5,505,50501,50501020,'5-05-01-020','Depreciation - Land Improvements','Depreciation - Land Improvements','2023-05-05 07:16:35'),(540,NULL,NULL,5,505,50501,50501030,'5-05-01-030','Depreciation - Infrastructure Assets','Depreciation - Infrastructure Assets','2023-05-05 07:16:35'),(541,NULL,NULL,5,505,50501,50501040,'5-05-01-040','Depreciation - Buildings and Other Structures','Depreciation - Buildings and Other Structures','2023-05-05 07:16:35'),(542,NULL,NULL,5,505,50501,50501050,'5-05-01-050','Depreciation - Machinery  and Equipment ','Depreciation - Machinery  and Equipment ','2023-05-05 07:16:35'),(543,NULL,NULL,5,505,50501,50501060,'5-05-01-060','Depreciation - Transportation Equipment','Depreciation - Transportation Equipment','2023-05-05 07:16:35'),(544,NULL,NULL,5,505,50501,50501070,'5-05-01-070','Depreciation - Furniture, Fixtures and Books  ','Depreciation - Furniture, Fixtures and Books  ','2023-05-05 07:16:35'),(545,NULL,NULL,5,505,50501,50501080,'5-05-01-080','Depreciation - Leased Assets','Depreciation - Leased Assets','2023-05-05 07:16:35'),(546,NULL,NULL,5,505,50501,50501090,'5-05-01-090','Depreciation - Leased Assets Improvements','Depreciation - Leased Assets Improvements','2023-05-05 07:16:35'),(547,NULL,NULL,5,505,50501,50501100,'5-05-01-100','Depreciation -Service Concession Assets','Depreciation -Service Concession Assets','2023-05-05 07:16:35'),(548,NULL,NULL,5,505,50501,50501990,'5-05-01-990','Depreciation - Other Property, Plant and Equipment','Depreciation - Other Property, Plant and Equipment','2023-05-05 07:16:35'),(549,NULL,NULL,5,505,50502,50502010,'5-05-02-010','Amortization - Intangible Assets','Amortization - Intangible Assets','2023-05-05 07:16:35'),(550,NULL,NULL,5,505,50503,50503010,'5-05-03-010','Impairment Loss - Financial Assets Held to Maturity','Impairment Loss - Financial Assets Held to Maturity','2023-05-05 07:16:35'),(551,NULL,NULL,5,505,50503,50503020,'5-05-03-020','Impairment Loss - Loans and  Receivables','Impairment Loss - Loans and  Receivables','2023-05-05 07:16:35'),(552,NULL,NULL,5,505,50503,50503030,'5-05-03-030','Impairment Loss - Lease Receivables','Impairment Loss - Lease Receivables','2023-05-05 07:16:35'),(553,NULL,NULL,5,505,50503,50503040,'5-05-03-040','Impairment Loss - Investments in GOCCs','Impairment Loss - Investments in GOCCs','2023-05-05 07:16:35'),(554,NULL,NULL,5,505,50503,50503050,'5-05-03-050','Impairment Loss - Investments in Joint Venture','Impairment Loss - Investments in Joint Venture','2023-05-05 07:16:35'),(555,NULL,NULL,5,505,50503,50503060,'5-05-03-060','Impairment Loss - Other Receivables','Impairment Loss - Other Receivables','2023-05-05 07:16:35'),(556,NULL,NULL,5,505,50503,50503070,'5-05-03-070','Impairment Loss - Inventories','Impairment Loss - Inventories','2023-05-05 07:16:35'),(557,NULL,NULL,5,505,50503,50503080,'5-05-03-080','Impairment Loss - Investment Property','Impairment Loss - Investment Property','2023-05-05 07:16:35'),(558,NULL,NULL,5,505,50503,50503090,'5-05-03-090','Impairment Loss - Property, Plant and Equipment','Impairment Loss - Property, Plant and Equipment','2023-05-05 07:16:35'),(559,NULL,NULL,5,505,50503,50503100,'5-05-03-100','Impairment Loss - Intangible Assets','Impairment Loss - Intangible Assets','2023-05-05 07:16:35'),(560,NULL,NULL,5,505,50504,50504010,'5-05-04-010','Loss on Foreign Exchange (FOREX)','Loss on Foreign Exchange (FOREX)','2023-05-05 07:16:35'),(561,NULL,NULL,5,505,50504,50504020,'5-05-04-020','Loss on Sale of Investments','Loss on Sale of Investments','2023-05-05 07:16:35'),(562,NULL,NULL,5,505,50504,50504030,'5-05-04-030','Loss on Sale of Investment Property','Loss on Sale of Investment Property','2023-05-05 07:16:35'),(563,NULL,NULL,5,505,50504,50504040,'5-05-04-040','Loss on Sale of Propery, Plant and Equipment','Loss on Sale of Propery, Plant and Equipment','2023-05-05 07:16:35'),(564,NULL,NULL,5,505,50504,50504050,'5-05-04-050','Loss on Sale of Biological Assets','Loss on Sale of Biological Assets','2023-05-05 07:16:35'),(565,NULL,NULL,5,505,50504,50504060,'5-05-04-060','Loss on Sale of Intangible Assets','Loss on Sale of Intangible Assets','2023-05-05 07:16:35'),(566,NULL,NULL,5,505,50504,50504070,'5-05-04-070','Loss on Sale of Assets','Loss on Sale of Assets','2023-05-05 07:16:35'),(567,NULL,NULL,5,505,50504,50504080,'5-05-04-080','Loss on Initial Recognition of Biological Assets ','Loss on Initial Recognition of Biological Assets ','2023-05-05 07:16:35'),(568,NULL,NULL,5,505,50504,50504090,'5-05-04-090','Loss of Assets  ','Loss of Assets  ','2023-05-05 07:16:35'),(569,NULL,NULL,5,505,50504,50504100,'5-05-04-100','Loss on Guaranty ','Loss on Guaranty ','2023-05-05 07:16:35'),(570,NULL,NULL,5,505,50504,50504990,'5-05-04-990','Other Losses','Other Losses','2023-05-05 07:16:35'),(571,NULL,NULL,5,505,50505,50505010,'5-05-05-010','Grants for Concessionary loans','Grants for Concessionary loans','2023-05-05 07:16:35'),(572,NULL,200,2,NULL,NULL,11111111,NULL,'asdasd','asdadasd','2023-06-29 07:02:53'),(573,NULL,100,1,NULL,NULL,31313123,NULL,'asmoisesse','asdasdad','2023-06-29 07:03:53'),(574,NULL,200,4,NULL,NULL,12312313,NULL,'asdasd','asdasdd','2023-06-29 07:11:44'),(575,NULL,100,1,313,31313,31313123,'31313123','brillo','asdasdadad','2023-06-29 07:14:48'),(576,NULL,200,3,313,31332,31332131,'3-13-32-131','ajkjkasdasd','asdasdasdadas','2023-06-29 07:21:08');
/*!40000 ALTER TABLE `gl_accounts` ENABLE KEYS */;
UNLOCK TABLES;

--
-- Table structure for table `gl_accounttype`
--

DROP TABLE IF EXISTS `gl_accounttype`;
/*!40101 SET @saved_cs_client     = @@character_set_client */;
/*!50503 SET character_set_client = utf8mb4 */;
CREATE TABLE `gl_accounttype` (
  `id` int NOT NULL AUTO_INCREMENT,
  `accounttypeid` int DEFAULT NULL,
  `accounttype` varchar(45) DEFAULT NULL,
  `logdate` timestamp NULL DEFAULT CURRENT_TIMESTAMP,
  PRIMARY KEY (`id`)
) ENGINE=InnoDB AUTO_INCREMENT=3 DEFAULT CHARSET=utf8mb4 COLLATE=utf8mb4_0900_ai_ci;
/*!40101 SET character_set_client = @saved_cs_client */;

--
-- Dumping data for table `gl_accounttype`
--

LOCK TABLES `gl_accounttype` WRITE;
/*!40000 ALTER TABLE `gl_accounttype` DISABLE KEYS */;
INSERT INTO `gl_accounttype` VALUES (1,1,'Regular Account','2023-05-22 06:55:48'),(2,2,'Special Account','2023-05-22 06:55:48');
/*!40000 ALTER TABLE `gl_accounttype` ENABLE KEYS */;
UNLOCK TABLES;

--
-- Table structure for table `gl_assets`
--

DROP TABLE IF EXISTS `gl_assets`;
/*!40101 SET @saved_cs_client     = @@character_set_client */;
/*!50503 SET character_set_client = utf8mb4 */;
CREATE TABLE `gl_assets` (
  `id` int NOT NULL AUTO_INCREMENT,
  `assetid` int DEFAULT NULL,
  `asset` varchar(45) DEFAULT NULL,
  `description` varchar(45) DEFAULT NULL,
  `logdate` timestamp NULL DEFAULT CURRENT_TIMESTAMP,
  PRIMARY KEY (`id`)
) ENGINE=InnoDB AUTO_INCREMENT=6 DEFAULT CHARSET=utf8mb4 COLLATE=utf8mb4_0900_ai_ci;
/*!40101 SET character_set_client = @saved_cs_client */;

--
-- Dumping data for table `gl_assets`
--

LOCK TABLES `gl_assets` WRITE;
/*!40000 ALTER TABLE `gl_assets` DISABLE KEYS */;
INSERT INTO `gl_assets` VALUES (1,1,'Asset','Asset','2023-05-05 06:41:34'),(2,2,'Liability ','Liability ','2023-05-05 06:41:34'),(3,3,'Equity','Equity','2023-05-05 06:41:34'),(4,4,'Income','Income','2023-05-05 06:41:34'),(5,5,'Expenses','Expenses','2023-05-05 06:41:34');
/*!40000 ALTER TABLE `gl_assets` ENABLE KEYS */;
UNLOCK TABLES;

--
-- Table structure for table `gl_assets_category`
--

DROP TABLE IF EXISTS `gl_assets_category`;
/*!40101 SET @saved_cs_client     = @@character_set_client */;
/*!50503 SET character_set_client = utf8mb4 */;
CREATE TABLE `gl_assets_category` (
  `id` int NOT NULL AUTO_INCREMENT,
  `registryid` int DEFAULT NULL,
  `assetid` int DEFAULT NULL,
  `categoryid` int DEFAULT NULL,
  `code` varchar(5) DEFAULT NULL,
  `category` varchar(255) DEFAULT NULL,
  `description` varchar(255) DEFAULT NULL,
  `logdate` timestamp NULL DEFAULT CURRENT_TIMESTAMP,
  PRIMARY KEY (`id`)
) ENGINE=InnoDB AUTO_INCREMENT=33 DEFAULT CHARSET=utf8mb4 COLLATE=utf8mb4_0900_ai_ci;
/*!40101 SET character_set_client = @saved_cs_client */;

--
-- Dumping data for table `gl_assets_category`
--

LOCK TABLES `gl_assets_category` WRITE;
/*!40000 ALTER TABLE `gl_assets_category` DISABLE KEYS */;
INSERT INTO `gl_assets_category` VALUES (1,NULL,1,101,'1-01','Cash ',NULL,'2023-05-05 06:47:58'),(2,NULL,1,102,'1-02','Investments',NULL,'2023-05-05 06:47:58'),(3,NULL,1,103,'1-03','Receivables',NULL,'2023-05-05 06:47:58'),(4,NULL,1,104,'1-04','Inventories',NULL,'2023-05-05 06:47:58'),(5,NULL,1,105,'1-05','Prepayments and Deferred Charges ',NULL,'2023-05-05 06:47:58'),(6,NULL,1,106,'1-06','Investment Property',NULL,'2023-05-05 06:47:58'),(7,300,1,107,'1-07','Property, Plant and Equipment',NULL,'2023-05-05 06:47:58'),(8,300,1,108,'1-08','Biological Assets',NULL,'2023-05-05 06:47:58'),(9,300,1,109,'1-09','Intangible Assets',NULL,'2023-05-05 06:47:58'),(10,NULL,2,201,'2-01','Financial  Liabilities ',NULL,'2023-05-05 06:47:58'),(11,NULL,2,202,'2-02','Inter-Agency Payables',NULL,'2023-05-05 06:47:58'),(12,NULL,2,203,'2-03','Intra-Agency Payables',NULL,'2023-05-05 06:47:58'),(13,NULL,2,204,'2-04','Trust Liabilities',NULL,'2023-05-05 06:47:58'),(14,NULL,2,205,'2-05','Deferred Credits/Unearned Income',NULL,'2023-05-05 06:47:58'),(15,NULL,2,206,'2-06','Provisions',NULL,'2023-05-05 06:47:58'),(16,NULL,2,299,'2-99','Other Payables',NULL,'2023-05-05 06:47:58'),(17,NULL,3,301,'3-01','Government Equity',NULL,'2023-05-05 06:47:58'),(18,NULL,3,302,'3-02','Intermediate Accounts',NULL,'2023-05-05 06:47:58'),(19,NULL,3,303,'3-03','Equity in Joint Venture',NULL,'2023-05-05 06:47:58'),(20,NULL,3,304,'3-04','Unrealized Gain/(Loss) ',NULL,'2023-05-05 06:47:58'),(21,NULL,4,401,'4-01','Tax Revenue',NULL,'2023-05-05 06:47:58'),(22,NULL,4,402,'4-02','Service and Business Income',NULL,'2023-05-05 06:47:58'),(23,NULL,4,403,'4-03','Transfers, Assistance and Subsidy',NULL,'2023-05-05 06:47:58'),(24,NULL,4,404,'4-04','Shares, Grants and Donations',NULL,'2023-05-05 06:47:58'),(25,NULL,4,405,'4-05','Gains',NULL,'2023-05-05 06:47:58'),(26,NULL,4,406,'4-06','Miscellaneous Income',NULL,'2023-05-05 06:47:58'),(27,NULL,4,407,'4-07','Other Non-Operating Income ',NULL,'2023-05-05 06:47:58'),(28,100,5,501,'5-01','Personnel Services',NULL,'2023-05-05 06:47:58'),(29,200,5,502,'5-02','Maintenance and Other Operating Expenses',NULL,'2023-05-05 06:47:58'),(30,NULL,5,503,'5-03','Financial Expenses',NULL,'2023-05-05 06:47:58'),(31,NULL,5,504,'5-04','Direct Costs',NULL,'2023-05-05 06:47:58'),(32,NULL,5,505,'5-05','Non-Cash Expenses',NULL,'2023-05-05 06:47:58');
/*!40000 ALTER TABLE `gl_assets_category` ENABLE KEYS */;
UNLOCK TABLES;

--
-- Table structure for table `gl_assets_subcategory`
--

DROP TABLE IF EXISTS `gl_assets_subcategory`;
/*!40101 SET @saved_cs_client     = @@character_set_client */;
/*!50503 SET character_set_client = utf8mb4 */;
CREATE TABLE `gl_assets_subcategory` (
  `id` int NOT NULL AUTO_INCREMENT,
  `assetid` int DEFAULT NULL,
  `categoryid` int DEFAULT NULL,
  `subcategoryid` int DEFAULT NULL,
  `code` varchar(10) DEFAULT NULL,
  `subcategory` varchar(255) DEFAULT NULL,
  `description` varchar(255) DEFAULT NULL,
  `logdate` timestamp NULL DEFAULT CURRENT_TIMESTAMP,
  PRIMARY KEY (`id`)
) ENGINE=InnoDB AUTO_INCREMENT=95 DEFAULT CHARSET=utf8mb4 COLLATE=utf8mb4_0900_ai_ci;
/*!40101 SET character_set_client = @saved_cs_client */;

--
-- Dumping data for table `gl_assets_subcategory`
--

LOCK TABLES `gl_assets_subcategory` WRITE;
/*!40000 ALTER TABLE `gl_assets_subcategory` DISABLE KEYS */;
INSERT INTO `gl_assets_subcategory` VALUES (1,1,101,10101,'1-01-01','Cash on Hand','Cash on Hand','2023-05-05 06:54:57'),(2,1,101,10102,'1-01-02','Cash in Bank - Local Currency','Cash in Bank - Local Currency','2023-05-05 06:54:57'),(3,1,101,10103,'1-01-03','Cash in Bank - Foreign Currency','Cash in Bank - Foreign Currency','2023-05-05 06:54:57'),(4,1,102,10201,'1-02-01','Investments in Time Deposits','Investments in Time Deposits','2023-05-05 06:54:57'),(5,1,102,10202,'1-02-02','Financial  Assets at Fair Value Through Surplus or Deficit','Financial  Assets at Fair Value Through Surplus or Deficit','2023-05-05 06:54:57'),(6,1,102,10203,'1-02-03','Financial Assets - Held to Maturity ','Financial Assets - Held to Maturity ','2023-05-05 06:54:57'),(7,1,102,10204,'1-02-04','Financial Assets - Available for Sale','Financial Assets - Available for Sale','2023-05-05 06:54:57'),(8,1,102,10205,'1-02-05','Financial Assets - Others','Financial Assets - Others','2023-05-05 06:54:57'),(9,1,102,10206,'1-02-06','Investments in Joint Venture','Investments in Joint Venture','2023-05-05 06:54:57'),(10,1,102,10207,'1-02-07','Sinking Fund','Sinking Fund','2023-05-05 06:54:57'),(11,1,103,10301,'1-03-01','Loans and Receivable Accounts','Loans and Receivable Accounts','2023-05-05 06:54:57'),(12,1,103,10302,'1-03-02','Lease  Receivables','Lease  Receivables','2023-05-05 06:54:57'),(13,1,103,10303,'1-03-03','Inter-Agency Receivables','Inter-Agency Receivables','2023-05-05 06:54:57'),(14,1,103,10304,'1-03-04','Intra-Agency Receivables','Intra-Agency Receivables','2023-05-05 06:54:57'),(15,1,103,10305,'1-03-05','Advances','Advances','2023-05-05 06:54:57'),(16,1,103,10306,'1-03-06','Other Receivables ','Other Receivables ','2023-05-05 06:54:57'),(17,1,104,10401,'1-04-01','Inventory Held for Sale','Inventory Held for Sale','2023-05-05 06:54:57'),(18,1,104,10402,'1-04-02','Inventory Held for Distribution','Inventory Held for Distribution','2023-05-05 06:54:57'),(19,1,104,10403,'1-04-03','Inventory Held for Manufacturing','Inventory Held for Manufacturing','2023-05-05 06:54:57'),(20,1,104,10404,'1-04-04','Inventory Held for Consumption','Inventory Held for Consumption','2023-05-05 06:54:57'),(21,1,105,10501,'1-05-01','Prepayments','Prepayments','2023-05-05 06:54:57'),(22,1,105,10502,'1-05-02','Deferred Charges','Deferred Charges','2023-05-05 06:54:57'),(23,1,106,10601,'1-06-01','Land and Buildings','Land and Buildings','2023-05-05 06:54:57'),(24,1,107,10701,'1-07-01','Land','Land','2023-05-05 06:54:57'),(25,1,107,10702,'1-07-02','Land Improvements','Land Improvements','2023-05-05 06:54:57'),(26,1,107,10703,'1-07-03','Infrastructure Assets','Infrastructure Assets','2023-05-05 06:54:57'),(27,1,107,10704,'1-07-04','Buildings and Other Structures','Buildings and Other Structures','2023-05-05 06:54:57'),(28,1,107,10705,'1-07-05',' Machinery  and Equipment ',' Machinery  and Equipment ','2023-05-05 06:54:57'),(29,1,107,10706,'1-07-06','Transportation Equipment','Transportation Equipment','2023-05-05 06:54:57'),(30,1,107,10707,'1-07-07','Furniture, Fixtures and Books  ','Furniture, Fixtures and Books  ','2023-05-05 06:54:57'),(31,1,107,10708,'1-07-08','Leased Assets','Leased Assets','2023-05-05 06:54:57'),(32,1,107,10709,'1-07-09','Leased Assets Improvements','Leased Assets Improvements','2023-05-05 06:54:57'),(33,1,107,10710,'1-07-10','Construction in Progress','Construction in Progress','2023-05-05 06:54:57'),(34,1,107,10711,'1-07-11','Service Concession Assets','Service Concession Assets','2023-05-05 06:54:57'),(35,1,107,10799,'1-07-99','Other Property, Plant and Equipment','Other Property, Plant and Equipment','2023-05-05 06:54:57'),(36,1,108,10801,'1-08-01','Bearer Biological Assets','Bearer Biological Assets','2023-05-05 06:54:57'),(37,1,109,10901,'1-09-01','Intangible Assets','Intangible Assets','2023-05-05 06:54:57'),(38,1,109,10902,'1-09-02','Service Concession Assets - Intangible Assets','Service Concession Assets - Intangible Assets','2023-05-05 06:54:57'),(39,2,201,20101,'2-01-01','Payables','Payables','2023-05-05 06:54:57'),(40,2,201,20102,'2-01-02','Bills/Bonds/Loans Payable','Bills/Bonds/Loans Payable','2023-05-05 06:54:57'),(41,2,202,20201,'2-02-01','Inter-Agency Payables','Inter-Agency Payables','2023-05-05 06:54:57'),(42,2,203,20301,'2-03-01','Intra-Agency Payables','Intra-Agency Payables','2023-05-05 06:54:57'),(43,2,204,20401,'2-04-01','Trust Liabilities','Trust Liabilities','2023-05-05 06:54:57'),(44,2,205,20501,'2-05-01','Deferred Credits','Deferred Credits','2023-05-05 06:54:57'),(45,2,206,20601,'2-06-01','Provisions','Provisions','2023-05-05 06:54:57'),(46,2,299,29999,'2-99-99','Other Payables','Other Payables','2023-05-05 06:54:57'),(47,3,301,30101,'3-01-01','Government Equity  ','Government Equity  ','2023-05-05 06:54:57'),(48,3,302,30201,'3-02-01','Intermediate Accounts','Intermediate Accounts','2023-05-05 06:54:57'),(49,3,303,30301,'3-03-01','Equity in Joint Venture','Equity in Joint Venture','2023-05-05 06:54:57'),(50,3,304,30401,'3-04-01','Unrealized Gain/(Loss) ','Unrealized Gain/(Loss) ','2023-05-05 06:54:57'),(51,4,401,40101,'4-01-01','Tax Revenue - Individual and Corporation','Tax Revenue - Individual and Corporation','2023-05-05 06:54:57'),(52,4,401,40102,'4-01-02','Tax Revenue - Property','Tax Revenue - Property','2023-05-05 06:54:57'),(53,4,401,40103,'4-01-03','Tax Revenue - Goods and Services','Tax Revenue - Goods and Services','2023-05-05 06:54:57'),(54,4,401,40104,'4-01-04','Tax Revenue - Others','Tax Revenue - Others','2023-05-05 06:54:57'),(55,4,401,40105,'4-01-05','Tax Revenue - Fines and Penalties','Tax Revenue - Fines and Penalties','2023-05-05 06:54:57'),(56,4,401,40106,'4-01-06','Share from National Taxes','Share from National Taxes','2023-05-05 06:54:57'),(57,4,402,40201,'4-02-01','Service Income','Service Income','2023-05-05 06:54:57'),(58,4,402,40202,'4-02-02','Business Income','Business Income','2023-05-05 06:54:57'),(59,4,403,40301,'4-03-01','Assistance and Subsidy','Assistance and Subsidy','2023-05-05 06:54:57'),(60,4,403,40302,'4-03-02','Transfers','Transfers','2023-05-05 06:54:57'),(61,4,404,40401,'4-04-01','Share','Share','2023-05-05 06:54:57'),(62,4,404,40402,'4-04-02','Grants and Donations','Grants and Donations','2023-05-05 06:54:57'),(63,4,405,40501,'4-05-01','Gains','Gains','2023-05-05 06:54:57'),(64,4,406,40601,'4-06-01','Miscellaneous Income','Miscellaneous Income','2023-05-05 06:54:57'),(65,4,407,40701,'4-07-01','Sale of Assets','Sale of Assets','2023-05-05 06:54:57'),(66,5,501,50101,'5-01-01','Salaries and Wages','Salaries and Wages','2023-05-05 06:54:57'),(67,5,501,50102,'5-01-02','Other Compensation','Other Compensation','2023-05-05 06:54:57'),(68,5,501,50103,'5-01-03','Personnel Benefit Contributions','Personnel Benefit Contributions','2023-05-05 06:54:57'),(69,5,501,50104,'5-01-04','Other Personnel Benefits','Other Personnel Benefits','2023-05-05 06:54:57'),(70,5,502,50201,'5-02-01','Traveling Expenses','Traveling Expenses','2023-05-05 06:54:57'),(71,5,502,50202,'5-02-02','Training and Scholarship Expenses','Training and Scholarship Expenses','2023-05-05 06:54:57'),(72,5,502,50203,'5-02-03','Supplies and Materials Expenses','Supplies and Materials Expenses','2023-05-05 06:54:57'),(73,5,502,50204,'5-02-04','Utility Expenses','Utility Expenses','2023-05-05 06:54:57'),(74,5,502,50205,'5-02-05','Communication Expenses','Communication Expenses','2023-05-05 06:54:57'),(75,5,502,50206,'5-02-06','Awards/Rewards and Prizes','Awards/Rewards and Prizes','2023-05-05 06:54:57'),(76,5,502,50207,'5-02-07','Survey, Research, Exploration and Development Expenses','Survey, Research, Exploration and Development Expenses','2023-05-05 06:54:57'),(77,5,502,50208,'5-02-08','Demolition/Relocation and Desilting/Dredging Expenses','Demolition/Relocation and Desilting/Dredging Expenses','2023-05-05 06:54:57'),(78,5,502,50209,'5-02-09','Generation, Transmission and Distribution Expenses','Generation, Transmission and Distribution Expenses','2023-05-05 06:54:57'),(79,5,502,50210,'5-02-10','Confidential, Intelligence and Extraordinary Expenses','Confidential, Intelligence and Extraordinary Expenses','2023-05-05 06:54:57'),(80,5,502,50211,'5-02-11','Professional Services','Professional Services','2023-05-05 06:54:57'),(81,5,502,50212,'5-02-12','General Services','General Services','2023-05-05 06:54:57'),(82,5,502,50213,'5-02-13','Repairs and Maintenance','Repairs and Maintenance','2023-05-05 06:54:57'),(83,5,502,50214,'5-02-14','Financial Assistance/Subsidy ','Financial Assistance/Subsidy ','2023-05-05 06:54:57'),(84,5,502,50215,'5-02-15','Transfers','Transfers','2023-05-05 06:54:57'),(85,5,502,50216,'5-02-16','Taxes, Insurance Premiums and Other Fees','Taxes, Insurance Premiums and Other Fees','2023-05-05 06:54:57'),(86,5,502,50299,'5-02-99','Other Maintenance and Operating Expenses','Other Maintenance and Operating Expenses','2023-05-05 06:54:57'),(87,5,503,50301,'5-03-01','Financial Expenses','Financial Expenses','2023-05-05 06:54:57'),(88,5,504,50401,'5-04-01','Cost of Goods Manufactured','Cost of Goods Manufactured','2023-05-05 06:54:57'),(89,5,504,50402,'5-04-02','Cost of Sales','Cost of Sales','2023-05-05 06:54:57'),(90,5,505,50501,'5-05-01','Depreciation ','Depreciation ','2023-05-05 06:54:57'),(91,5,505,50502,'5-05-02','Amortization','Amortization','2023-05-05 06:54:57'),(92,5,505,50503,'5-05-03','Impairment Loss','Impairment Loss','2023-05-05 06:54:57'),(93,5,505,50504,'5-05-04','Losses ','Losses ','2023-05-05 06:54:57'),(94,5,505,50505,'5-05-05','Grants','Grants','2023-05-05 06:54:57');
/*!40000 ALTER TABLE `gl_assets_subcategory` ENABLE KEYS */;
UNLOCK TABLES;

--
-- Table structure for table `gl_funds`
--

DROP TABLE IF EXISTS `gl_funds`;
/*!40101 SET @saved_cs_client     = @@character_set_client */;
/*!50503 SET character_set_client = utf8mb4 */;
CREATE TABLE `gl_funds` (
  `id` int NOT NULL AUTO_INCREMENT,
  `fundid` int DEFAULT NULL,
  `fundcode` int DEFAULT NULL,
  `fundname` varchar(45) DEFAULT NULL,
  `logdate` timestamp NULL DEFAULT CURRENT_TIMESTAMP,
  PRIMARY KEY (`id`)
) ENGINE=InnoDB AUTO_INCREMENT=57 DEFAULT CHARSET=utf8mb4 COLLATE=utf8mb4_0900_ai_ci;
/*!40101 SET character_set_client = @saved_cs_client */;

--
-- Dumping data for table `gl_funds`
--

LOCK TABLES `gl_funds` WRITE;
/*!40000 ALTER TABLE `gl_funds` DISABLE KEYS */;
INSERT INTO `gl_funds` VALUES (1,1,100,'General Fund','2023-05-05 07:40:04'),(2,2,200,'Special Education Fund','2023-05-05 07:40:04'),(3,3,300,'Trust Fund','2023-05-05 07:40:04');
/*!40000 ALTER TABLE `gl_funds` ENABLE KEYS */;
UNLOCK TABLES;

--
-- Table structure for table `gl_lgulevel`
--

DROP TABLE IF EXISTS `gl_lgulevel`;
/*!40101 SET @saved_cs_client     = @@character_set_client */;
/*!50503 SET character_set_client = utf8mb4 */;
CREATE TABLE `gl_lgulevel` (
  `id` int NOT NULL AUTO_INCREMENT,
  `lguid` int DEFAULT NULL,
  `lgulevel` varchar(45) DEFAULT NULL,
  `logdate` timestamp NULL DEFAULT CURRENT_TIMESTAMP,
  PRIMARY KEY (`id`)
) ENGINE=InnoDB AUTO_INCREMENT=4 DEFAULT CHARSET=utf8mb4 COLLATE=utf8mb4_0900_ai_ci;
/*!40101 SET character_set_client = @saved_cs_client */;

--
-- Dumping data for table `gl_lgulevel`
--

LOCK TABLES `gl_lgulevel` WRITE;
/*!40000 ALTER TABLE `gl_lgulevel` DISABLE KEYS */;
INSERT INTO `gl_lgulevel` VALUES (1,1,'Province','2023-05-22 08:56:02'),(2,2,'City','2023-05-22 08:56:02'),(3,3,'Municipality','2023-05-22 08:56:02');
/*!40000 ALTER TABLE `gl_lgulevel` ENABLE KEYS */;
UNLOCK TABLES;

--
-- Table structure for table `gl_offices`
--

DROP TABLE IF EXISTS `gl_offices`;
/*!40101 SET @saved_cs_client     = @@character_set_client */;
/*!50503 SET character_set_client = utf8mb4 */;
CREATE TABLE `gl_offices` (
  `id` int NOT NULL AUTO_INCREMENT,
  `officeid` int DEFAULT NULL,
  `officetypeid` int DEFAULT NULL,
  `sectorid` int DEFAULT NULL,
  `subsectorid` int DEFAULT NULL,
  `officecode_pbo` varchar(15) DEFAULT NULL,
  `officecode_acctg` varchar(15) DEFAULT NULL,
  `officename` varchar(255) DEFAULT NULL,
  `officedescription` varchar(255) DEFAULT NULL,
  `officeaccronym` varchar(10) DEFAULT NULL,
  `logdate` timestamp NULL DEFAULT CURRENT_TIMESTAMP,
  PRIMARY KEY (`id`),
  KEY `id` (`id`) /*!80000 INVISIBLE */,
  KEY `officecode` (`officecode_acctg`)
) ENGINE=InnoDB AUTO_INCREMENT=548 DEFAULT CHARSET=utf8mb4 COLLATE=utf8mb4_0900_ai_ci COMMENT='Office table with id as primary key; officecode as index';
/*!40101 SET character_set_client = @saved_cs_client */;

--
-- Dumping data for table `gl_offices`
--

LOCK TABLES `gl_offices` WRITE;
/*!40000 ALTER TABLE `gl_offices` DISABLE KEYS */;
INSERT INTO `gl_offices` VALUES (1,1,NULL,NULL,NULL,NULL,'10','Executive Offices','Executive Offices','EXO','2023-04-18 11:04:43'),(2,2,1,1,1,'01','10-11','Office of the Governor','Office of the Governor','PGO','2023-04-18 11:04:43'),(3,3,2,2,NULL,'03','10-11-01','Aid to Judiciary','Aid to Judiciary','AJUD','2023-04-18 11:04:43'),(4,4,NULL,NULL,NULL,NULL,'10-11-02','Aid to PNP','Aid to PNP','APNP','2023-04-18 11:04:43'),(5,5,NULL,NULL,NULL,NULL,'10-11-03','Aid to Coast Guard','Aid to Coast Guard','ACOA','2023-04-18 11:04:43'),(6,6,NULL,NULL,NULL,NULL,'10-11-04','Cooperative Promotion Program','Cooperative Promotion Program','CPP','2023-04-18 11:04:43'),(7,7,NULL,NULL,NULL,NULL,'10-11-05','Provincial Programme for Children','Provincial Programme for Children','PPFC','2023-04-18 11:04:43'),(8,8,NULL,NULL,NULL,NULL,'10-11-06','Provincial Integrated Social Services','Provincial Integrated Social Services','PISS','2023-04-18 11:04:43'),(9,9,NULL,NULL,NULL,NULL,'10-11-07','Liason Service Office','Liason Service Office','LISER','2023-04-18 11:04:43'),(10,10,NULL,NULL,NULL,NULL,'10-11-08','ESLA Operation','ESLA Operation','EOPE','2023-04-18 11:04:43'),(11,11,NULL,NULL,NULL,NULL,'10-11-09','ESLA Repair','ESLA Repair','EREP','2023-04-18 11:04:43'),(12,12,NULL,NULL,NULL,NULL,'10-11-10','Tourism and Cultural Development','Tourism and Cultural Development','TOURCD','2023-04-18 11:04:43'),(13,13,NULL,NULL,NULL,NULL,'10-11-11','Sports Development','Sports Development','SDEV','2023-04-18 11:04:43'),(14,14,NULL,NULL,NULL,NULL,'10-11-12','Repair & Maintenance - Villareal Stadium','Repair & Maintenance - Villareal Stadium','RMVS','2023-04-18 11:04:43'),(15,15,NULL,NULL,NULL,NULL,'10-11-13','Aid to West Visayas Meet','Aid to West Visayas Meet','AWVM','2023-04-18 11:04:43'),(16,16,NULL,NULL,NULL,NULL,'10-11-14','Halaran Fund','Halaran Fund','HALF','2023-04-18 11:04:43'),(17,17,NULL,NULL,NULL,NULL,'10-11-15','Aid to AFP Reservist','Aid to AFP Reservist','AAFP','2023-04-18 11:04:43'),(18,18,NULL,NULL,NULL,NULL,'10-11-16','Aid to Phil. Red Cross','Aid to Phil. Red Cross','APRC','2023-04-18 11:04:43'),(19,19,NULL,NULL,NULL,NULL,'10-11-17','Anti-Drug Abuse Program','Anti-Drug Abuse Program','ADAP','2023-04-18 11:04:43'),(20,20,NULL,NULL,NULL,NULL,'10-11-18','Aid to Chest Clinic','Aid to Chest Clinic','ACC','2023-04-18 11:04:43'),(21,21,NULL,NULL,NULL,NULL,'10-11-19','Aid to Girl Scout','Aid to Girl Scout','AGS','2023-04-18 11:04:43'),(22,22,NULL,NULL,NULL,NULL,'10-11-20','Aid to Boy Scout','Aid to Boy Scout','ABS','2023-04-18 11:04:43'),(23,23,NULL,NULL,NULL,NULL,'10-11-21','Aid to Veterans','Aid to Veterans','AVET','2023-04-18 11:04:43'),(24,24,NULL,NULL,NULL,NULL,'10-11-22','Aid to Peace and Order Council','Aid to Peace and Order Council','APOC','2023-04-18 11:04:43'),(25,25,NULL,NULL,NULL,NULL,'10-11-23','Aid to Prov\'l. Recon. Dev\'t. Program','Aid to Prov\'l. Recon. Dev\'t. Program','APRDP','2023-04-18 11:04:43'),(26,26,NULL,NULL,NULL,NULL,'10-11-24','Mines / Environment','Mines / Environment','MIEN','2023-04-18 11:04:43'),(27,27,NULL,NULL,NULL,NULL,'10-11-25','Governor\'s League Membership','Governor\'s League Membership','GLM','2023-04-18 11:04:43'),(28,28,NULL,NULL,NULL,NULL,'10-11-26','Provincial Meetings / Conference','Provincial Meetings / Conference','PMC','2023-04-18 11:04:43'),(29,29,NULL,NULL,NULL,NULL,'10-11-27','Human Resource Development','Human Resource Development','HRD','2023-04-18 11:04:43'),(30,30,NULL,NULL,NULL,NULL,'10-11-28','Monetization','Monetization','MONE','2023-04-18 11:04:43'),(31,31,NULL,NULL,NULL,NULL,'10-11-29','Community Based Dev\'t Assistance Program','Community Based Dev\'t Assistance Program','CBDAP','2023-04-18 11:04:43'),(32,32,NULL,NULL,NULL,NULL,'10-11-30','Capiz Prov\'l Gov\'t Anniversary','Capiz Prov\'l Gov\'t Anniversary','CPGA','2023-04-18 11:04:43'),(33,33,NULL,NULL,NULL,NULL,'10-11-31','Timpas Mianay Road 2005','Timpas Mianay Road 2005','TMRD','2023-04-18 11:04:43'),(34,34,NULL,NULL,NULL,NULL,'10-11-32','Nagba Eco-Park, Nagba, Cuartero','Nagba Eco-Park, Nagba, Cuartero','NECOP','2023-04-18 11:04:43'),(35,35,NULL,NULL,NULL,NULL,'10-11-33','Supplemental - Spare Parts Equiptment/Vehicle','Supplemental - Spare Parts Equiptment/Vehicle','SPEV','2023-04-18 11:04:43'),(36,36,NULL,NULL,NULL,NULL,'10-11-34','Provincial Assistance to Local Government Unit','Provincial Assistance to Local Government Unit','PALGU','2023-04-18 11:04:43'),(37,37,NULL,NULL,NULL,NULL,'10-11-35','Bird Flu Information/Education Campaign','Bird Flu Information/Education Campaign','BFIEC','2023-04-18 11:04:43'),(38,38,NULL,NULL,NULL,NULL,'10-11-36','Road Improvement/Concreting','Road Improvement/Concreting','RIC','2023-04-18 11:04:43'),(39,39,NULL,NULL,NULL,NULL,'10-11-37','Western Visayas Tourism Assembly','Western Visayas Tourism Assembly','WVTA','2023-04-18 11:04:43'),(40,40,NULL,NULL,NULL,NULL,'10-11-38','GIS','GIS','GIS','2023-04-18 11:04:43'),(41,41,NULL,NULL,NULL,NULL,'10-11-39','Confidential & Intelligence','Confidential & Intelligence','COIN','2023-04-18 11:04:43'),(42,42,NULL,NULL,NULL,NULL,'10-11-40','Social Reform Agenda','Social Reform Agenda','SRA','2023-04-18 11:04:43'),(43,43,NULL,NULL,NULL,NULL,'10-11-41','Improvements of Gov\'t Bldgs. & Facilities','Improvements of Gov\'t Bldgs. & Facilities','IGBF','2023-04-18 11:04:43'),(44,44,NULL,NULL,NULL,NULL,'10-11-42','Civac Medicine','Civac Medicine','MedCi','2023-04-18 11:04:43'),(45,45,NULL,NULL,NULL,NULL,'10-11-43','Aid to National Statistics Office','Aid to National Statistics Office','ANO','2023-04-18 11:04:43'),(46,46,NULL,NULL,NULL,NULL,'10-11-44','Advocacy for Social Change Program','Advocacy for Social Change Program','AACP','2023-04-18 11:04:43'),(47,47,NULL,NULL,NULL,NULL,'10-11-45','Repair & Maint. of Heavey Eqpts. (spareparts, Tires, Batteries)','Repair & Maint. of Heavey Eqpts. (spareparts, Tires, Batteries)','RMHE','2023-04-18 11:04:43'),(48,48,NULL,NULL,NULL,NULL,'10-11-46','Youth Sector Reforms','Youth Sector Reforms','YSR','2023-04-18 11:04:43'),(49,49,NULL,NULL,NULL,NULL,'10-11-47','Livelihood and Manpower','Livelihood and Manpower','LM','2023-04-18 11:04:43'),(50,50,NULL,NULL,NULL,NULL,'10-11-48','Capiz Provincial Press Bureau','Capiz Provincial Press Bureau','CPPB','2023-04-18 11:04:43'),(51,51,NULL,NULL,NULL,NULL,'10-11-49','Electricity','Electricity','ELEC','2023-04-18 11:04:43'),(52,52,NULL,NULL,NULL,NULL,'10-11-50','Telephone Exp. Landline (PABX)','Telephone Exp. Landline (PABX)','PABX','2023-04-18 11:04:43'),(53,53,NULL,NULL,NULL,NULL,'10-11-51','Provincial Subsidy to RMPH Indigent Patients','Provincial Subsidy to RMPH Indigent Patients','PSRIP','2023-04-18 11:04:43'),(54,54,NULL,NULL,NULL,NULL,'10-11-52','Terminal Pay','Terminal Pay','TERM','2023-04-18 11:04:43'),(55,55,NULL,NULL,NULL,NULL,'10-11-53','Calamity Fund','Calamity Fund','CF','2023-04-18 11:04:43'),(56,56,NULL,NULL,NULL,NULL,'10-11-54','Productivity Enhancement Incentives','Productivity Enhancement Incentives','PEI','2023-04-18 11:04:43'),(57,57,NULL,NULL,NULL,NULL,'10-11-55','Financial Assistance(Casuals)','Financial Assistance(Casuals)','FA','2023-04-18 11:04:43'),(58,58,NULL,NULL,NULL,NULL,'10-11-56','Capiztahan Fund','Capiztahan Fund','CAPIZ','2023-04-18 11:04:43'),(59,59,NULL,NULL,NULL,NULL,'10-11-57','Indigency Program Enrollment','Indigency Program Enrollment','IPE','2023-04-18 11:04:43'),(60,60,NULL,NULL,NULL,NULL,'10-11-58','Pre-disaster','Pre-disaster','PDRRMC','2023-04-18 11:04:43'),(61,61,NULL,NULL,NULL,NULL,'10-11-59','Water','Water','WATER','2023-04-18 11:04:43'),(62,62,NULL,NULL,NULL,NULL,'10-11-60','Kalayaan Brgy. Program Fund','Kalayaan Brgy. Program Fund','KALAYAAN','2023-04-18 11:04:43'),(63,63,NULL,NULL,NULL,NULL,'10-11-61','Municipal Development Program','Municipal Development Program','MUNICIPAL','2023-04-18 11:04:43'),(64,64,NULL,NULL,NULL,NULL,'10-11-62','Schools','Schools','SCHOOL','2023-04-18 11:04:43'),(65,65,NULL,NULL,NULL,NULL,'10-11-63','Improvement/Concreting of Roads','Improvement/Concreting of Roads','ROADS','2023-04-18 11:04:43'),(66,66,NULL,NULL,NULL,NULL,'10-11-64','Other Professional Services','Other Professional Services','OPS','2023-04-18 11:04:43'),(67,67,NULL,NULL,NULL,NULL,'10-11-65','Gender and Development','Gender and Development','GAD','2023-04-18 11:04:43'),(68,68,NULL,NULL,NULL,NULL,'10-11-66','Provincial Procurement Management Unit','Provincial Procurement Management Unit','BAC/PPMU','2023-04-18 11:04:43'),(69,69,3,3,35,'99','10-11A','Provincial Tourism & Affairs Office','Provincial Tourism & Affairs Office','PTCAO','2023-04-18 11:04:43'),(70,70,NULL,NULL,NULL,NULL,'10-11B','Office of Provincial Governor - Equipment Pool','Office of Provincial Governor - Equipment Pool','PEO-EP','2023-04-18 11:04:43'),(71,71,NULL,NULL,NULL,NULL,'10-12','Capiz Rehabilitation Center','Capiz Rehabilitation Center','CRC','2023-04-18 11:04:43'),(72,72,NULL,NULL,NULL,NULL,'10-12-01','Ammos','Ammos','AMMO','2023-04-18 11:04:43'),(73,73,NULL,NULL,NULL,NULL,'10-12-02','Registration and & Insurance of Vehicle','Registration and & Insurance of Vehicle','RIMV','2023-04-18 11:04:43'),(74,74,NULL,NULL,NULL,NULL,'10-12-03','Inmates Uniform','Inmates Uniform','INUN','2023-04-18 11:04:43'),(75,75,NULL,NULL,NULL,NULL,'10-12-04','Monetization','Monetization','MONE','2023-04-18 11:04:43'),(76,76,NULL,NULL,NULL,NULL,'10-16','Vice Governor','Vice Governor','OVG','2023-04-18 11:04:43'),(77,77,NULL,NULL,NULL,NULL,'10-16-01','House Rental','House Rental','HREN','2023-04-18 11:04:43'),(78,78,NULL,NULL,NULL,NULL,'10-16-02','Trophies','Trophies','TROP','2023-04-18 11:04:43'),(79,79,NULL,NULL,NULL,NULL,'10-16-03','Public Relation Fund','Public Relation Fund','PRF','2023-04-18 11:04:43'),(80,80,NULL,NULL,NULL,NULL,'10-16-04','Public Function','Public Function','PUBF','2023-04-18 11:04:43'),(81,81,NULL,NULL,NULL,NULL,'10-16-05','Human Resource Fund','Human Resource Fund','HURF','2023-04-18 11:04:43'),(82,82,NULL,NULL,NULL,NULL,'10-16-06','Membership Fee & Annual Dues(LVG)','Membership Fee & Annual Dues(LVG)','MEMF','2023-04-18 11:04:43'),(83,83,NULL,NULL,NULL,NULL,'10-16-07','Monetization','Monetization','MONE','2023-04-18 11:04:43'),(84,84,NULL,NULL,NULL,NULL,'10-16-08','Incentives for Athletes','Incentives for Athletes','INAT','2023-04-18 11:04:43'),(85,85,NULL,NULL,NULL,NULL,'10-21','Sangguniang Panlalawigan','Sangguniang Panlalawigan','SP','2023-04-18 11:04:43'),(86,86,NULL,NULL,NULL,NULL,'10-21-01','Sangguniang Panlalawigan Office','Sangguniang Panlalawigan Office','SP1','2023-04-18 11:04:43'),(87,87,NULL,NULL,NULL,NULL,'10-21-01-01','Committee Fund','Committee Fund','COMF','2023-04-18 11:04:43'),(88,88,NULL,NULL,NULL,NULL,'10-21-01-02','Technical Assistance Fund','Technical Assistance Fund','TECHF','2023-04-18 11:04:43'),(89,89,NULL,NULL,NULL,NULL,'10-21-01-03','Trophies','Trophies','TROP','2023-04-18 11:04:43'),(90,90,NULL,NULL,NULL,NULL,'10-21-01-04','Prov\'l. Board Member Annual Dues','Prov\'l. Board Member Annual Dues','PBAD','2023-04-18 11:04:43'),(91,91,NULL,NULL,NULL,NULL,'10-21-01-05','Monetization','Monetization','MONE','2023-04-18 11:04:43'),(92,92,NULL,NULL,NULL,NULL,'10-21-02','BM Arevalo','BM Arevalo','SP2','2023-04-18 11:04:43'),(93,93,NULL,NULL,NULL,NULL,'10-21-02-01','Trophies','Trophies','TROP','2023-04-18 11:04:43'),(94,94,NULL,NULL,NULL,NULL,'10-21-02-02','Committee Fund','Committee Fund','COMF','2023-04-18 11:04:43'),(95,95,NULL,NULL,NULL,NULL,'10-21-02-03','Technical Assistance Fund','Technical Assistance Fund','TECF','2023-04-18 11:04:43'),(96,96,NULL,NULL,NULL,NULL,'10-21-03','BM C. Fecundo / BM Apolinario','BM C. Fecundo / BM Apolinario','SP3','2023-04-18 11:04:43'),(97,97,NULL,NULL,NULL,NULL,'10-21-03-01','Trophies','Trophies','TROP','2023-04-18 11:04:43'),(98,98,NULL,NULL,NULL,NULL,'10-21-03-02','Committee Fund','Committee Fund','COMF','2023-04-18 11:04:43'),(99,99,NULL,NULL,NULL,NULL,'10-21-03-03','Technical Fund','Technical Fund','TECF','2023-04-18 11:04:43'),(100,100,NULL,NULL,NULL,NULL,'10-21-04','BM J. Del Rosario / BM R. Martin','BM J. Del Rosario / BM R. Martin','SP4','2023-04-18 11:04:43'),(101,101,NULL,NULL,NULL,NULL,'10-21-04-01','Trophies','Trophies','TROP','2023-04-18 11:04:43'),(102,102,NULL,NULL,NULL,NULL,'10-21-04-02','Committee Fund','Committee Fund','COMF','2023-04-18 11:04:43'),(103,103,NULL,NULL,NULL,NULL,'10-21-04-03','Technical Fund','Technical Fund','TECF','2023-04-18 11:04:43'),(104,104,NULL,NULL,NULL,NULL,'10-21-05','BM B. Almalbis / BM K. Palomar','BM B. Almalbis / BM K. Palomar','SP5','2023-04-18 11:04:43'),(105,105,NULL,NULL,NULL,NULL,'10-21-05-01','Trophies','Trophies','TROP','2023-04-18 11:04:43'),(106,106,NULL,NULL,NULL,NULL,'10-21-05-02','Committee Fund','Committee Fund','COMF','2023-04-18 11:04:43'),(107,107,NULL,NULL,NULL,NULL,'10-21-05-03','Technical Assistance Fund','Technical Assistance Fund','TECF','2023-04-18 11:04:43'),(108,108,NULL,NULL,NULL,NULL,'10-21-06','BM C. San Antonio / BM M. Patricio/BM Baticados','BM C. San Antonio / BM M. Patricio/BM Baticados','SP6','2023-04-18 11:04:43'),(109,109,NULL,NULL,NULL,NULL,'10-21-06-01','Trophies','Trophies','TROP','2023-04-18 11:04:43'),(110,110,NULL,NULL,NULL,NULL,'10-21-06-02','Committee Fund','Committee Fund','COMF','2023-04-18 11:04:43'),(111,111,NULL,NULL,NULL,NULL,'10-21-06-03','Technical Assistance Fund','Technical Assistance Fund','TECF','2023-04-18 11:04:43'),(112,112,NULL,NULL,NULL,NULL,'10-21-07','BM T. Reyes','BM T. Reyes','SP7','2023-04-18 11:04:43'),(113,113,NULL,NULL,NULL,NULL,'10-21-07-01','Trophies','Trophies','TROP','2023-04-18 11:04:43'),(114,114,NULL,NULL,NULL,NULL,'10-21-07-02','Committee Fund','Committee Fund','COMF','2023-04-18 11:04:43'),(115,115,NULL,NULL,NULL,NULL,'10-21-07-03','Technical Assistance Fund','Technical Assistance Fund','TECF','2023-04-18 11:04:43'),(116,116,NULL,NULL,NULL,NULL,'10-21-08','BM Q. Pamplona','BM Q. Pamplona','SP8','2023-04-18 11:04:43'),(117,117,NULL,NULL,NULL,NULL,'10-21-08-01','Trophies','Trophies','TROP','2023-04-18 11:04:43'),(118,118,NULL,NULL,NULL,NULL,'10-21-08-02','Committee Fund','Committee Fund','COMF','2023-04-18 11:04:43'),(119,119,NULL,NULL,NULL,NULL,'10-21-08-03','Technical Assistance Fund','Technical Assistance Fund','TECF','2023-04-18 11:04:43'),(120,120,NULL,NULL,NULL,NULL,'10-21-09','BM  T. Ignacio / V. Tanco Jr.','BM  T. Ignacio / V. Tanco Jr.','SP9','2023-04-18 11:04:43'),(121,121,NULL,NULL,NULL,NULL,'10-21-09-01','Trophies','Trophies','TROP','2023-04-18 11:04:43'),(122,122,NULL,NULL,NULL,NULL,'10-21-09-02','Committee Fund','Committee Fund','COMF','2023-04-18 11:04:43'),(123,123,NULL,NULL,NULL,NULL,'10-21-09-03','Technical Assistance Fund','Technical Assistance Fund','TECF','2023-04-18 11:04:43'),(124,124,NULL,NULL,NULL,NULL,'10-21-10','BM S. Besa','BM S. Besa','SP10','2023-04-18 11:04:43'),(125,125,NULL,NULL,NULL,NULL,'10-21-10-01','Trophies','Trophies','TROP','2023-04-18 11:04:43'),(126,126,NULL,NULL,NULL,NULL,'10-21-10-02','Committee Fund','Committee Fund','COMF','2023-04-18 11:04:43'),(127,127,NULL,NULL,NULL,NULL,'10-21-10-03','Technical Assistance Fund','Technical Assistance Fund','TECF','2023-04-18 11:04:43'),(128,128,NULL,NULL,NULL,NULL,'10-21-11','BM A. Cruz-am / BM E. Martinez','BM A. Cruz-am / BM E. Martinez','SP11','2023-04-18 11:04:43'),(129,129,NULL,NULL,NULL,NULL,'10-21-11-01','Trophies','Trophies','TROP','2023-04-18 11:04:43'),(130,130,NULL,NULL,NULL,NULL,'10-21-11-02','Committee Fund','Committee Fund','COMF','2023-04-18 11:04:43'),(131,131,NULL,NULL,NULL,NULL,'10-21-11-03','Technical Assistance Fund','Technical Assistance Fund','TECF','2023-04-18 11:04:43'),(132,132,NULL,NULL,NULL,NULL,'10-21-12','BM G. Ardivilla / BM M. Hachuela','BM G. Ardivilla / BM M. Hachuela','SP12','2023-04-18 11:04:43'),(133,133,NULL,NULL,NULL,NULL,'10-21-12-01','Trophies','Trophies','TROP','2023-04-18 11:04:43'),(134,134,NULL,NULL,NULL,NULL,'10-21-12-02','Committee Fund','Committee Fund','COMF','2023-04-18 11:04:43'),(135,135,NULL,NULL,NULL,NULL,'10-21-12-03','Technical Assistance Fund','Technical Assistance Fund','TECF','2023-04-18 11:04:43'),(136,136,NULL,NULL,NULL,NULL,'10-21-13','BM N. San Felix / BM E. Contreras','BM N. San Felix / BM E. Contreras','SP13','2023-04-18 11:04:43'),(137,137,NULL,NULL,NULL,NULL,'10-21-13-01','Trophies','Trophies','TROP','2023-04-18 11:04:43'),(138,138,NULL,NULL,NULL,NULL,'10-21-13-02','Committee Fund','Committee Fund','COMF','2023-04-18 11:04:43'),(139,139,NULL,NULL,NULL,NULL,'10-21-13-03','Technical Assistance Fund','Technical Assistance Fund','TECF','2023-04-18 11:04:43'),(140,140,NULL,NULL,NULL,NULL,'10-21-14','BM R. Teves','BM R. Teves','SP14','2023-04-18 11:04:43'),(141,141,NULL,NULL,NULL,NULL,'10-21-14-01','Trophies','Trophies','TROP','2023-04-18 11:04:43'),(142,142,NULL,NULL,NULL,NULL,'10-21-14-02','Committee Fund','Committee Fund','COMF','2023-04-18 11:04:43'),(143,143,NULL,NULL,NULL,NULL,'10-21-14-03','Technical Assistance Fund','Technical Assistance Fund','TECF','2023-04-18 11:04:43'),(144,144,NULL,NULL,NULL,NULL,'10-21-15','(OVG) Contreras','(OVG) Contreras','SP15','2023-04-18 11:04:43'),(145,145,NULL,NULL,NULL,NULL,'10-21-15-01','Committee Fund','Committee Fund','COMF','2023-04-18 11:04:43'),(146,146,NULL,NULL,NULL,NULL,'10-21-15-02','Technical Assistance Fund','Technical Assistance Fund','TECF','2023-04-18 11:04:43'),(147,147,NULL,NULL,NULL,NULL,'10-21-16','BM R. Laluma','BM R. Laluma','SP16','2023-04-18 11:04:43'),(148,148,NULL,NULL,NULL,NULL,'10-31','Office of the Provincial Administrator','Office of the Provincial Administrator','PAO','2023-04-18 11:04:43'),(149,149,NULL,NULL,NULL,NULL,'10-32','Human Resource and Management Office','Human Resource and Management Office','HRMO','2023-04-18 11:04:43'),(150,150,NULL,NULL,NULL,NULL,'10-32-01','Monetization','Monetization','MONE','2023-04-18 11:04:43'),(151,151,NULL,NULL,NULL,NULL,'10-41','Provincial Planning and Development Office','Provincial Planning and Development Office','PPDO','2023-04-18 11:04:43'),(152,152,NULL,NULL,NULL,NULL,'10-41-01','Monetization','Monetization','MONE','2023-04-18 11:04:43'),(153,153,NULL,NULL,NULL,NULL,'10-61','Provincial General Services Office','Provincial General Services Office','PGSO','2023-04-18 11:04:43'),(154,154,NULL,NULL,NULL,NULL,'10-61-01','Monetization','Monetization','MONE','2023-04-18 11:04:43'),(155,155,NULL,NULL,NULL,NULL,'10-71','Office of the Provincial Budget Officer','Office of the Provincial Budget Officer','PBO','2023-04-18 11:04:43'),(156,156,NULL,NULL,NULL,NULL,'10-71-01','Monetization','Monetization','MONE','2023-04-18 11:04:43'),(157,157,NULL,NULL,NULL,NULL,'10-81','Office of the Provincial Accountant','Office of the Provincial Accountant','PAccO','2023-04-18 11:04:43'),(158,158,NULL,NULL,NULL,NULL,'10-81-01','Monetization','Monetization','MONE','2023-04-18 11:04:43'),(159,159,NULL,NULL,NULL,NULL,'10-81A','Internal Audit Office','Internal Audit Office','IAO','2023-04-18 11:04:43'),(160,160,NULL,NULL,NULL,NULL,'10-91','Office of the Provincial Treasurer','Office of the Provincial Treasurer','PTO','2023-04-18 11:04:43'),(161,161,NULL,NULL,NULL,NULL,'10-91-01','Monetization','Monetization','MONE','2023-04-18 11:04:43'),(162,162,NULL,NULL,NULL,NULL,'11','Other Executive Offices','Other Executive Offices','OEX','2023-04-18 11:04:43'),(163,163,NULL,NULL,NULL,NULL,'11-01','Office of the Provincial Assessor','Office of the Provincial Assessor','PAssO','2023-04-18 11:04:43'),(164,164,NULL,NULL,NULL,NULL,'11-01-01','Monetization','Monetization','MONE','2023-04-18 11:04:43'),(165,165,NULL,NULL,NULL,NULL,'11-11','Commission on Audit','Commission on Audit','COA','2023-04-18 11:04:43'),(166,166,NULL,NULL,NULL,NULL,'11-11-01','Registration and Insurance of Gov\'t. Vehicle','Registration and Insurance of Gov\'t. Vehicle','REGI','2023-04-18 11:04:43'),(167,167,NULL,NULL,NULL,NULL,'11-31','Provincial Legal Office','Provincial Legal Office','PLO','2023-04-18 11:04:43'),(168,168,NULL,NULL,NULL,NULL,'11-31-01','Monetization','Monetization','MONE','2023-04-18 11:04:43'),(169,169,NULL,NULL,NULL,NULL,'11-41','Provincial Prosecutors Office','Provincial Prosecutors Office','PROS','2023-04-18 11:04:43'),(170,170,NULL,NULL,NULL,NULL,'11-51','Judiciary','Judiciary','JUD','2023-04-18 11:04:43'),(171,171,NULL,NULL,NULL,NULL,'11-51-01','Branch 14','Branch 14','BR14','2023-04-18 11:04:43'),(172,172,NULL,NULL,NULL,NULL,'11-51-02','Branch 15','Branch 15','BR15','2023-04-18 11:04:43'),(173,173,NULL,NULL,NULL,NULL,'11-51-03','Branch 16','Branch 16','BR16','2023-04-18 11:04:43'),(174,174,NULL,NULL,NULL,NULL,'11-51-04','Branch 17','Branch 17','BR17','2023-04-18 11:04:43'),(175,175,NULL,NULL,NULL,NULL,'11-51-05','Branch 18','Branch 18','BR18','2023-04-18 11:04:43'),(176,176,NULL,NULL,NULL,NULL,'11-51-06','Branch 19','Branch 19','BR19','2023-04-18 11:04:43'),(177,177,NULL,NULL,NULL,NULL,'11-51-07','Branch 20','Branch 20','BR20','2023-04-18 11:04:43'),(178,178,NULL,NULL,NULL,NULL,'11-51-08','Branch 21','Branch 21','BR21','2023-04-18 11:04:43'),(179,179,NULL,NULL,NULL,NULL,'11-51-09','Clerk of Court - Roxas','Clerk of Court - Roxas','SHE','2023-04-18 11:04:43'),(180,180,NULL,NULL,NULL,NULL,'11-51-10','Clerk of Court - Mambusao','Clerk of Court - Mambusao','MAM','2023-04-18 11:04:43'),(181,181,NULL,NULL,NULL,NULL,'11-51-11','Parole and Probation - Province','Parole and Probation - Province','PPAR','2023-04-18 11:04:43'),(182,182,NULL,NULL,NULL,NULL,'11-51-12','Parole and Probation - City','Parole and Probation - City','CPAR','2023-04-18 11:04:43'),(183,183,NULL,NULL,NULL,NULL,'11-51-13','Public Attorneys\' Office','Public Attorneys\' Office','PAO','2023-04-18 11:04:43'),(184,184,NULL,NULL,NULL,NULL,'11-61','Registry of Deeds','Registry of Deeds','DEEDS','2023-04-18 11:04:43'),(185,185,NULL,NULL,NULL,NULL,'19','Miscellaneous Executive Offices','Miscellaneous Executive Offices','MEX','2023-04-18 11:04:43'),(186,186,NULL,NULL,NULL,NULL,'19-18','Improvement of Gov\'t. Buildings and Facilities','Improvement of Gov\'t. Buildings and Facilities','MAINT','2023-04-18 11:04:43'),(187,187,NULL,NULL,NULL,NULL,'19-99','Comelec','Comelec','ELEC','2023-04-18 11:04:43'),(188,188,NULL,NULL,NULL,NULL,'30','School Supervision','School Supervision','SCH','2023-04-18 11:04:43'),(189,189,NULL,NULL,NULL,NULL,'30-11','Office Of The Schools Superintendent','Office Of The Schools Superintendent','OSUPT','2023-04-18 11:04:43'),(190,190,NULL,NULL,NULL,NULL,'30-21','elementary Education','elementary Education','ELEMED','2023-04-18 11:04:43'),(191,191,NULL,NULL,NULL,NULL,'30-22','Secondary Education','Secondary Education','SECED','2023-04-18 11:04:43'),(192,192,NULL,NULL,NULL,NULL,'30-31','Medical Subsidiary Services','Medical Subsidiary Services','MEDSS','2023-04-18 11:04:43'),(193,193,NULL,NULL,NULL,NULL,'30-51','Management Tool','Management Tool','MGTTOL','2023-04-18 11:04:43'),(194,194,NULL,NULL,NULL,NULL,'30-61','Maint. Of Sports Centers Athlethic Fields & Playgrounds','Maint. Of Sports Centers Athlethic Fields & Playgrounds','MSCAFP','2023-04-18 11:04:43'),(195,195,NULL,NULL,NULL,NULL,'30-91','Cultural Projects','Cultural Projects','CULT','2023-04-18 11:04:43'),(196,196,NULL,NULL,NULL,NULL,'30-92','Sports Devpt./Physical Fitness','Sports Devpt./Physical Fitness','PHYFIT','2023-04-18 11:04:43'),(197,197,NULL,NULL,NULL,NULL,'39','Education and Manpower Development','Education and Manpower Development','EDU','2023-04-18 11:04:43'),(198,198,NULL,NULL,NULL,NULL,'39-11','Local Development Fund - Management Tool','Local Development Fund - Management Tool','MTOOL','2023-04-18 11:04:43'),(199,199,NULL,NULL,NULL,NULL,'39-11-01','Updating of Prov\'l. Physical Framework Plan','Updating of Prov\'l. Physical Framework Plan','UPFP','2023-04-18 11:04:43'),(200,200,NULL,NULL,NULL,NULL,'39-11-02','Development Infoformation and Advocacy Program','Development Infoformation and Advocacy Program','ADVO','2023-04-18 11:04:43'),(201,201,NULL,NULL,NULL,NULL,'39-11-03','Secretariat Support to Local Special Bodies','Secretariat Support to Local Special Bodies','SSLSB','2023-04-18 11:04:43'),(202,202,NULL,NULL,NULL,NULL,'39-11-04','Disaster Mangement Program','Disaster Mangement Program','DMP','2023-04-18 11:04:43'),(203,203,NULL,NULL,NULL,NULL,'39-11-05','Geographic Information System','Geographic Information System','GIS','2023-04-18 11:04:43'),(204,204,NULL,NULL,NULL,NULL,'39-11-06','Expanded Media Advocacy Program','Expanded Media Advocacy Program','EMAP','2023-04-18 11:04:43'),(205,205,NULL,NULL,NULL,NULL,'39-11-07','Provincial Socio-Economic Program','Provincial Socio-Economic Program','PSEP','2023-04-18 11:04:43'),(206,206,NULL,NULL,NULL,NULL,'39-11-08','Human Resource/Career Mgt. Program','Human Resource/Career Mgt. Program','HRCMP','2023-04-18 11:04:43'),(207,207,NULL,NULL,NULL,NULL,'39-11-08-01','Basic Customer Service Skills Trainig','Basic Customer Service Skills Trainig','BCSST','2023-04-18 11:04:43'),(208,208,NULL,NULL,NULL,NULL,'39-11-08-02','Service Excellence Program','Service Excellence Program','SCP','2023-04-18 11:04:43'),(209,209,NULL,NULL,NULL,NULL,'39-11-08-04','Orientation of New Entrants','Orientation of New Entrants','ONE','2023-04-18 11:04:43'),(210,210,NULL,NULL,NULL,NULL,'39-11-08-05','Seminar Workshop on Flow Charting','Seminar Workshop on Flow Charting','FC','2023-04-18 11:04:43'),(211,211,NULL,NULL,NULL,NULL,'39-11-08-06','Values Orientation Workshop','Values Orientation Workshop','VOW','2023-04-18 11:04:43'),(212,212,NULL,NULL,NULL,NULL,'39-11-09','Planning and Budgeting Linkage','Planning and Budgeting Linkage','PBL','2023-04-18 11:04:43'),(213,213,NULL,NULL,NULL,NULL,'39-11-10','Bids and Awards Committee','Bids and Awards Committee','BAC','2023-04-18 11:04:43'),(214,214,NULL,NULL,NULL,NULL,'39-11-11','Revenue Generating Program','Revenue Generating Program','RGP','2023-04-18 11:04:43'),(215,215,NULL,NULL,NULL,NULL,'39-11-12','Provincial Lending Program','Provincial Lending Program','PLP','2023-04-18 11:04:43'),(216,216,NULL,NULL,NULL,NULL,'39-11-14','Improvement of Accounting Office','Improvement of Accounting Office','IAO','2023-04-18 11:04:43'),(217,217,NULL,NULL,NULL,NULL,'39-11-15','Legislative & Fast Tracking','Legislative & Fast Tracking','LFT','2023-04-18 11:04:43'),(218,218,NULL,NULL,NULL,NULL,'39-11-16','Provincial Program Monitoring Committee','Provincial Program Monitoring Committee','PPMC','2023-04-18 11:04:43'),(219,219,NULL,NULL,NULL,NULL,'39-11-17','National Statistical Information Center','National Statistical Information Center','NSIC','2023-04-18 11:04:43'),(220,220,NULL,NULL,NULL,NULL,'39-11-19','General Revision of RPTA','General Revision of RPTA','GRRPT','2023-04-18 11:04:43'),(221,221,NULL,NULL,NULL,NULL,'39-11-20','Updating of Tax Map','Updating of Tax Map','UTAM','2023-04-18 11:04:43'),(222,222,NULL,NULL,NULL,NULL,'39-11-21','Enhancement of Accounting System','Enhancement of Accounting System','EAS','2023-04-18 11:04:43'),(223,223,NULL,NULL,NULL,NULL,'39-11-22','Meeting of RBOS','Meeting of RBOS','RBOS','2023-04-18 11:04:43'),(224,224,NULL,NULL,NULL,NULL,'39-11-23','School Improvement Project','School Improvement Project','SIP','2023-04-18 11:04:43'),(225,225,NULL,NULL,NULL,NULL,'39-18','School Development Program','School Development Program','SCHDEV','2023-04-18 11:04:43'),(226,226,NULL,NULL,NULL,NULL,'39-99','Other Educational Services','Other Educational Services','OEDU','2023-04-18 11:04:43'),(227,227,NULL,NULL,NULL,NULL,'39-99-01','Provincial Sports Program','Provincial Sports Program','PSP','2023-04-18 11:04:43'),(228,228,NULL,NULL,NULL,NULL,'39-99-02','Education: Journey Towards Freedom from Poverty.','Education: Journey Towards Freedom from Poverty.','EJTFP','2023-04-18 11:04:43'),(229,229,NULL,NULL,NULL,NULL,'44','Health Services','Health Services','HEAL','2023-04-18 11:04:43'),(230,230,NULL,NULL,NULL,NULL,'44-21','Hospitals','Hospitals','HOSP','2023-04-18 11:04:43'),(231,231,NULL,NULL,NULL,NULL,'44-21-01','Roxas Memorial Prov\'l. Hospital','Roxas Memorial Prov\'l. Hospital','RMPH','2023-04-18 11:04:43'),(232,232,NULL,NULL,NULL,NULL,'44-21-01-01','Registration of Vehicle','Registration of Vehicle','REGV','2023-04-18 11:04:43'),(233,233,NULL,NULL,NULL,NULL,'44-21-01-02','Monetization','Monetization','MONE','2023-04-18 11:04:43'),(234,234,NULL,NULL,NULL,NULL,'44-21-02','Mambusao General Hospital/Jamindan Medicare Hospital','Mambusao General Hospital/Jamindan Medicare Hospital','MGH/JMH','2023-04-18 11:04:43'),(235,235,NULL,NULL,NULL,NULL,'44-21-02-01','Monetization','Monetization','MONE','2023-04-18 11:04:43'),(236,236,NULL,NULL,NULL,NULL,'44-21-03','Bailan District Hospital','Bailan District Hospital','BDH','2023-04-18 11:04:43'),(237,237,NULL,NULL,NULL,NULL,'44-21-03-01','Monetization','Monetization','MONE','2023-04-18 11:04:43'),(238,238,NULL,NULL,NULL,NULL,'44-21-04-01','Monetization','Monetization','MONE','2023-04-18 11:04:43'),(239,239,NULL,NULL,NULL,NULL,'44-21-04-02','Accounts Payable Prior Years - 2004','Accounts Payable Prior Years - 2004','APPY','2023-04-18 11:04:43'),(240,240,NULL,NULL,NULL,NULL,'44-21-05','Tapaz District Hospital','Tapaz District Hospital','TDH','2023-04-18 11:04:43'),(241,241,NULL,NULL,NULL,NULL,'44-21-05-01','Monetization','Monetization','MONE','2023-04-18 11:04:43'),(242,242,NULL,NULL,NULL,NULL,'44-21-06','Provincial Health Office','Provincial Health Office','PHO','2023-04-18 11:04:43'),(243,243,NULL,NULL,NULL,NULL,'44-21-06-01','Registration of Vehicle','Registration of Vehicle','REGV','2023-04-18 11:04:43'),(244,244,NULL,NULL,NULL,NULL,'44-21-06-02','Monetization','Monetization','MONE','2023-04-18 11:04:43'),(245,245,NULL,NULL,NULL,NULL,'44-21-06-03','Gender and Development','Gender and Development','GAD-PHO','2023-04-18 11:04:43'),(246,246,NULL,NULL,NULL,NULL,'49','Health - Local Development Fund','Health - Local Development Fund','HLDF','2023-04-18 11:04:43'),(247,247,NULL,NULL,NULL,NULL,'49-99','Local Development - Health Services','Local Development - Health Services','LDFH','2023-04-18 11:04:43'),(248,248,NULL,NULL,NULL,NULL,'49-99-01','Health Passport Program','Health Passport Program','HPP','2023-04-18 11:04:43'),(249,249,NULL,NULL,NULL,NULL,'49-99-02','Sixth Country Program for Children','Sixth Country Program for Children','CPC6','2023-04-18 11:04:43'),(250,250,NULL,NULL,NULL,NULL,'49-99-03','National Tuberculosis Program','National Tuberculosis Program','TBP','2023-04-18 11:04:43'),(251,251,NULL,NULL,NULL,NULL,'49-99-04','Sustainable Reproductive Health Program','Sustainable Reproductive Health Program','REPRO','2023-04-18 11:04:43'),(252,252,NULL,NULL,NULL,NULL,'49-99-04-01','Regional Summer Youth Camp','Regional Summer Youth Camp','RSYC','2023-04-18 11:04:43'),(253,253,NULL,NULL,NULL,NULL,'49-99-04-02','Youth Congress, ARH Day and State of the Philippine Pop. Report','Youth Congress, ARH Day and State of the Philippine Pop. Report','YCARH','2023-04-18 11:04:43'),(254,254,NULL,NULL,NULL,NULL,'49-99-04-03','Barangay service Point Officer Congress','Barangay service Point Officer Congress','BSPO','2023-04-18 11:04:43'),(255,255,NULL,NULL,NULL,NULL,'49-99-05','Provincial Nutrition Program','Provincial Nutrition Program','NUTRI','2023-04-18 11:04:43'),(256,256,NULL,NULL,NULL,NULL,'49-99-06','Integrated Health Care Delivery','Integrated Health Care Delivery','IHCD','2023-04-18 11:04:43'),(257,257,NULL,NULL,NULL,NULL,'49-99-06-01','Repair of USTEM X-Ray Machine','Repair of USTEM X-Ray Machine','RXM','2023-04-18 11:04:43'),(258,258,NULL,NULL,NULL,NULL,'49-99-06-02','Avian Influenza Prevention & Control Program','Avian Influenza Prevention & Control Program','AIPC','2023-04-18 11:04:43'),(259,259,NULL,NULL,NULL,NULL,'49-99-07','Social Welfare and Development','Social Welfare and Development','SWD','2023-04-18 11:04:43'),(260,260,NULL,NULL,NULL,NULL,'49-99-08','Population Management Program','Population Management Program','POPMGT','2023-04-18 11:04:43'),(261,261,NULL,NULL,NULL,NULL,'49-99-08-01','Prov\'l. Couterpart for Responsible Parenthood Movement','Prov\'l. Couterpart for Responsible Parenthood Movement','PCRPM','2023-04-18 11:04:43'),(262,262,NULL,NULL,NULL,NULL,'49-99-08-02','BSPO Congress','BSPO Congress','BSPO','2023-04-18 11:04:43'),(263,263,NULL,NULL,NULL,NULL,'49-99-08-03','Maintenance & Sustainance of Teen Centers','Maintenance & Sustainance of Teen Centers','MSTC','2023-04-18 11:04:43'),(264,264,NULL,NULL,NULL,NULL,'49-99-08-04','Expansion of Ten Centers to National HS','Expansion of Ten Centers to National HS','ETC','2023-04-18 11:04:43'),(265,265,NULL,NULL,NULL,NULL,'49-99-08-05','Training of Peer Educators','Training of Peer Educators','TPE','2023-04-18 11:04:43'),(266,266,NULL,NULL,NULL,NULL,'49-99-09','Health System Development Program','Health System Development Program','HSDP','2023-04-18 11:04:43'),(267,267,NULL,NULL,NULL,NULL,'49-99-10','Indigency Program Enrolment','Indigency Program Enrolment','IPE','2023-04-18 11:04:43'),(268,268,NULL,NULL,NULL,NULL,'49-99-11','HIV Candlelighting','HIV Candlelighting','HIV','2023-04-18 11:04:43'),(269,269,NULL,NULL,NULL,NULL,'49-99-11-01','STI / HIV / AIDS Prevention & Control Program','STI / HIV / AIDS Prevention & Control Program','','2023-04-18 11:04:43'),(270,270,NULL,NULL,NULL,NULL,'49-99-12','Family Planning Program','Family Planning Program','FPP','2023-04-18 11:04:43'),(271,271,NULL,NULL,NULL,NULL,'49-99-13','Health Promotion Education','Health Promotion Education','HPE','2023-04-18 11:04:43'),(272,272,NULL,NULL,NULL,NULL,'49-99-15','Medical/Dental Civic Action Program','Medical/Dental Civic Action Program','MDCAP','2023-04-18 11:04:43'),(273,273,NULL,NULL,NULL,NULL,'49-99-16','Upgrading of Roxas Memorial Prov\'l. Hospital','Upgrading of Roxas Memorial Prov\'l. Hospital','URMPH','2023-04-18 11:04:43'),(274,274,NULL,NULL,NULL,NULL,'49-99-17','Upgrading of Bailan District Hospital','Upgrading of Bailan District Hospital','UBDH','2023-04-18 11:04:43'),(275,275,NULL,NULL,NULL,NULL,'49-99-18','Filariasis Elimination Program','Filariasis Elimination Program','FEP','2023-04-18 11:04:43'),(276,276,NULL,NULL,NULL,NULL,'49-99-22','Oral Health Garantisadong Pambata','Oral Health Garantisadong Pambata','OHGP','2023-04-18 11:04:43'),(277,277,NULL,NULL,NULL,NULL,'49-99-24','Accelarated Hunger Integration Program','Accelarated Hunger Integration Program','AHIP','2023-04-18 11:04:43'),(278,278,NULL,NULL,NULL,NULL,'49-99-25','Dengue Prevention & Control Program','Dengue Prevention & Control Program','DPCP','2023-04-18 11:04:43'),(279,279,NULL,NULL,NULL,NULL,'49-99-26','National Leprocy Ellimination Program','National Leprocy Ellimination Program','NLEP','2023-04-18 11:04:43'),(280,280,NULL,NULL,NULL,NULL,'49-99-27','Integrated Helminthiasis Control Program','Integrated Helminthiasis Control Program','IHOP','2023-04-18 11:04:43'),(281,281,NULL,NULL,NULL,NULL,'49-99-28','Upgrading of Hospital Equipment','Upgrading of Hospital Equipment','UHE','2023-04-18 11:04:43'),(282,282,NULL,NULL,NULL,NULL,'49-99-28-01','Rehab. & Expansion of Medical Records Section.','Rehab. & Expansion of Medical Records Section.','REMRS','2023-04-18 11:04:43'),(283,283,NULL,NULL,NULL,NULL,'49-99-29','Screening of Dietary Section','Screening of Dietary Section','','2023-04-18 11:04:43'),(284,284,NULL,NULL,NULL,NULL,'49-99-30','Purchase of Laptop for Nursing servce','Purchase of Laptop for Nursing servce','','2023-04-18 11:04:43'),(285,285,NULL,NULL,NULL,NULL,'49-99-31','Food for TTMF and COVID-19 Frontliners','Food for TTMF and COVID-19 Frontliners','FTTMF','2023-04-18 11:04:43'),(286,286,NULL,NULL,NULL,NULL,'69','Housing - Local Development Fund','Housing - Local Development Fund','HOUS','2023-04-18 11:04:43'),(287,287,NULL,NULL,NULL,NULL,'69-11','Local Development Fund - Projects','Local Development Fund - Projects','LDFPROG','2023-04-18 11:04:43'),(288,288,NULL,NULL,NULL,NULL,'69-11-01','Potable Water Supply Development','Potable Water Supply Development','PWSD','2023-04-18 11:04:43'),(289,289,NULL,NULL,NULL,NULL,'69-11-02','CBDAProjects','CBDAProjects','CBDAP','2023-04-18 11:04:43'),(290,290,NULL,NULL,NULL,NULL,'69-17','Roads and Bridges Improvement','Roads and Bridges Improvement','ROADS','2023-04-18 11:04:43'),(291,291,NULL,NULL,NULL,NULL,'69-17-01','Kilos Asenso Fund- Counterpart to Mun.','Kilos Asenso Fund- Counterpart to Mun.','KAFC','2023-04-18 11:04:43'),(292,292,NULL,NULL,NULL,NULL,'69-19','Provincial Assistance to Local Gov\'t. Unit','Provincial Assistance to Local Gov\'t. Unit','ASST','2023-04-18 11:04:43'),(293,293,NULL,NULL,NULL,NULL,'69-19-01','Kilos Asenso Fund','Kilos Asenso Fund','KSF','2023-04-18 11:04:43'),(294,294,NULL,NULL,NULL,NULL,'76','Social Welfare Services','Social Welfare Services','SWS','2023-04-18 11:04:43'),(295,295,1,2,NULL,'14','76-11','Prov\'l. Social Welfare and Development Office','Prov\'l. Social Welfare and Development Office','PSWDO','2023-04-18 11:04:43'),(296,296,NULL,NULL,NULL,NULL,'76-11-01','Aid to Individual in Crisis','Aid to Individual in Crisis','AICS','2023-04-18 11:04:43'),(297,297,NULL,NULL,NULL,NULL,'76-11-02','Registration and Insurance of Motor Vehicle','Registration and Insurance of Motor Vehicle','REGI','2023-04-18 11:04:43'),(298,298,NULL,NULL,NULL,NULL,'76-11-03','Disaster Relief Assistance','Disaster Relief Assistance','DRA','2023-04-18 11:04:43'),(299,299,NULL,NULL,NULL,NULL,'76-11-04','Monetization','Monetization','MONE','2023-04-18 11:04:43'),(300,300,NULL,NULL,NULL,NULL,'76-11-05','Social Welfare Fund for Senior Citizen','Social Welfare Fund for Senior Citizen','SWFSC','2023-04-18 11:04:43'),(301,301,NULL,NULL,NULL,NULL,'76-11-06','GAD Aid to Individual in Crises Situation/Funeral Services','GAD Aid to Individual in Crises Situation/Funeral Services','GAD','2023-04-18 11:04:43'),(302,302,NULL,NULL,NULL,NULL,'76-11-07','Provincial Integrated Social Services','Provincial Integrated Social Services','PISS','2023-04-18 11:04:43'),(303,303,NULL,NULL,NULL,NULL,'76-21','Provincial Population Office','Provincial Population Office','PPO','2023-04-18 11:04:43'),(304,304,NULL,NULL,NULL,NULL,'76-21-01','Support to Women in Rural Credit & Dev\'t.','Support to Women in Rural Credit & Dev\'t.','WRCD','2023-04-18 11:04:43'),(305,305,NULL,NULL,NULL,NULL,'76-21-02','Support to BSPO\'s','Support to BSPO\'s','BSPO','2023-04-18 11:04:43'),(306,306,NULL,NULL,NULL,NULL,'76-21-03','Support to Adolecent Reproductive Health','Support to Adolecent Reproductive Health','ARH','2023-04-18 11:04:43'),(307,307,NULL,NULL,NULL,NULL,'76-21-04','Monetization','Monetization','MONE','2023-04-18 11:04:43'),(308,308,NULL,NULL,NULL,NULL,'79','Miscellaneous Social Welfare Services','Miscellaneous Social Welfare Services','MSWS','2023-04-18 11:04:43'),(309,309,NULL,NULL,NULL,NULL,'79-99','Other Social Welfare Services','Other Social Welfare Services','OSWS','2023-04-18 11:04:43'),(310,310,NULL,NULL,NULL,NULL,'79-99-01','Poverty Alleviation Program','Poverty Alleviation Program','HES','2023-04-18 11:04:43'),(311,311,NULL,NULL,NULL,NULL,'79-99-02','Gender Development Program','Gender Development Program','GENDER','2023-04-18 11:04:43'),(312,312,NULL,NULL,NULL,NULL,'79-99-02-01','Social Welfare Fund','Social Welfare Fund','SWF','2023-04-18 11:04:43'),(313,313,NULL,NULL,NULL,NULL,'79-99-03','Early Childhood & Dev\'t. Program','Early Childhood & Dev\'t. Program','ECCDP','2023-04-18 11:04:43'),(314,314,NULL,NULL,NULL,NULL,'79-99-04','Enhancement of Day Care Workers','Enhancement of Day Care Workers','EDCW','2023-04-18 11:04:43'),(315,315,NULL,NULL,NULL,NULL,'79-99-05','Program for Senior Citizens','Program for Senior Citizens','PSC','2023-04-18 11:04:43'),(316,316,NULL,NULL,NULL,NULL,'79-99-06','Program for the Differently Abled','Program for the Differently Abled','PDA','2023-04-18 11:04:43'),(317,317,NULL,NULL,NULL,NULL,'79-99-07','Supervised Neighborhood Play Cum Supplemental Feeding','Supervised Neighborhood Play Cum Supplemental Feeding','SNPCSF','2023-04-18 11:04:43'),(318,318,NULL,NULL,NULL,NULL,'79-99-08','Capiz Livelihood Loan Assistance','Capiz Livelihood Loan Assistance','CLLA','2023-04-18 11:04:43'),(319,319,NULL,NULL,NULL,NULL,'79-99-09','Prov\'l. Parent Effectivebess Congress','Prov\'l. Parent Effectivebess Congress','PPEC','2023-04-18 11:04:43'),(320,320,NULL,NULL,NULL,NULL,'79-99-10','Prov\'l. Search for Child-Friendly LGU\'s','Prov\'l. Search for Child-Friendly LGU\'s','PSCF','2023-04-18 11:04:43'),(321,321,NULL,NULL,NULL,NULL,'79-99-11','GAD PTWG Program & Operations','GAD PTWG Program & Operations','GAD','2023-04-18 11:04:43'),(322,322,NULL,NULL,NULL,NULL,'79-99-12','Prov\'l. Council for the Welfare of Children and Women','Prov\'l. Council for the Welfare of Children and Women','PCWCW','2023-04-18 11:04:43'),(323,323,NULL,NULL,NULL,NULL,'79-99-13','Prov\'l. Inter-Agency for Anti-Traffacking','Prov\'l. Inter-Agency for Anti-Traffacking','PIACAT','2023-04-18 11:04:43'),(324,324,NULL,NULL,NULL,NULL,'79-99-14','Grade School Children in Need of Special Protection','Grade School Children in Need of Special Protection','GSC','2023-04-18 11:04:43'),(325,325,NULL,NULL,NULL,NULL,'79-99-15','Upgrading of Day Care Centers Facilities','Upgrading of Day Care Centers Facilities','UDCF','2023-04-18 11:04:43'),(326,326,NULL,NULL,NULL,NULL,'79-99-16','Bird Flu Prevention Control Program','Bird Flu Prevention Control Program','BFPC','2023-04-18 11:04:43'),(327,327,NULL,NULL,NULL,NULL,'79-99-17','PHO Nutrition Program','PHO Nutrition Program','PNP','2023-04-18 11:04:43'),(328,328,NULL,NULL,NULL,NULL,'79-99-18','Provincial\'s Children Congress','Provincial\'s Children Congress','PCC','2023-04-18 11:04:43'),(329,329,NULL,NULL,NULL,NULL,'79-99-20','Vocational & Technical Skills Development','Vocational & Technical Skills Development','VTSD','2023-04-18 11:04:43'),(330,330,NULL,NULL,NULL,NULL,'79-99-21','Provincial Assistance for Excellence','Provincial Assistance for Excellence','PAE','2023-04-18 11:04:43'),(331,331,NULL,NULL,NULL,NULL,'79-99-22','Professional Enhancement Program (09)','Professional Enhancement Program (09)','PEP','2023-04-18 11:04:43'),(332,332,NULL,NULL,NULL,NULL,'79-99-23','Organizational & Staff Development','Organizational & Staff Development','OSD','2023-04-18 11:04:43'),(333,333,NULL,NULL,NULL,NULL,'79-99-24','Provincial Subsidy to Day Care Workers','Provincial Subsidy to Day Care Workers','PSDCW','2023-04-18 11:04:43'),(334,334,NULL,NULL,NULL,NULL,'79-99-25','Provisions of School Supplies','Provisions of School Supplies','POSS','2023-04-18 11:04:43'),(335,335,NULL,NULL,NULL,NULL,'79-99-26','Capability Building of Day Care Workers','Capability Building of Day Care Workers','CBDCW','2023-04-18 11:04:43'),(336,336,NULL,NULL,NULL,NULL,'79-99-27','Educational Assistance Program','Educational Assistance Program','EAP','2023-04-18 11:04:43'),(337,337,NULL,NULL,NULL,NULL,'79-99-28','Hosting of Asean Entellect Property Rights','Hosting of Asean Entellect Property Rights','HAIP','2023-04-18 11:04:43'),(338,338,NULL,NULL,NULL,NULL,'79-99-29','Logistic Counterpart to Kalahi - CIDSS','Logistic Counterpart to Kalahi - CIDSS','LCK','2023-04-18 11:04:43'),(339,339,NULL,NULL,NULL,NULL,'79-99-30','Journey Towards Freedom from Poverty','Journey Towards Freedom from Poverty','JTFP','2023-04-18 11:04:43'),(340,340,NULL,NULL,NULL,NULL,'79-99-31','Establishment of Schools of Living Condition','Establishment of Schools of Living Condition','ESLC','2023-04-18 11:04:43'),(341,341,NULL,NULL,NULL,NULL,'87','Economic Services','Economic Services','ECON','2023-04-18 11:04:43'),(342,342,NULL,NULL,NULL,NULL,'87-11','Office of the Provincial Agriculturist','Office of the Provincial Agriculturist','OPA','2023-04-18 11:04:43'),(343,343,NULL,NULL,NULL,NULL,'87-11-01','Monetization','Monetization','MONE','2023-04-18 11:04:43'),(344,344,NULL,NULL,NULL,NULL,'87-21','Office of the Provincial Veterinarian','Office of the Provincial Veterinarian','OPV','2023-04-18 11:04:43'),(345,345,NULL,NULL,NULL,NULL,'87-21-01','Repair & Maintenance','Repair & Maintenance','RMMV','2023-04-18 11:04:43'),(346,346,NULL,NULL,NULL,NULL,'87-21-01-01','Spareparts','Spareparts','SPAR','2023-04-18 11:04:43'),(347,347,NULL,NULL,NULL,NULL,'87-21-02','Other Maintenance and Operating Expenses','Other Maintenance and Operating Expenses','OMOE','2023-04-18 11:04:43'),(348,348,NULL,NULL,NULL,NULL,'87-21-02-01','Feeds','Feeds','FEED','2023-04-18 11:04:43'),(349,349,NULL,NULL,NULL,NULL,'87-21-02-02','Vehicle Registration and Insurance','Vehicle Registration and Insurance','REGI','2023-04-18 11:04:43'),(350,350,NULL,NULL,NULL,NULL,'87-21-03','Monetization','Monetization','MONE','2023-04-18 11:04:43'),(351,351,2,3,NULL,'02','87-31','Office of the Provincial Environment & Natural Resources','Office of the Provincial Environment & Natural Resources','PENRO','2023-04-18 11:04:43'),(352,352,NULL,NULL,NULL,NULL,'87-51','Provincial Engineering Office','Provincial Engineering Office','PEO','2023-04-18 11:04:43'),(353,353,NULL,NULL,NULL,NULL,'87-51-01','PEO - Administration','PEO - Administration','PEOAdm','2023-04-18 11:04:43'),(354,354,NULL,NULL,NULL,NULL,'87-51-01-01','Monetization','Monetization','MONE','2023-04-18 11:04:43'),(355,355,NULL,NULL,NULL,NULL,'87-51-02','PEO - Labor Pool','PEO - Labor Pool','PEOLab','2023-04-18 11:04:43'),(356,356,NULL,NULL,NULL,NULL,'87-53','PEO - Maintenance','PEO - Maintenance','PEOMain','2023-04-18 11:04:43'),(357,357,NULL,NULL,NULL,NULL,'87-53-01','Monetization','Monetization','MONE','2023-04-18 11:04:43'),(358,358,NULL,NULL,NULL,NULL,'87-54','PEO - Equipment Pool','PEO - Equipment Pool','PEOEqpt','2023-04-18 11:04:43'),(359,359,NULL,NULL,NULL,NULL,'87-54-01','Monetization','Monetization','MONE','2023-04-18 11:04:43'),(360,360,NULL,NULL,NULL,NULL,'89','Local Development Fund','Local Development Fund','LDF','2023-04-18 11:04:43'),(361,361,NULL,NULL,NULL,NULL,'89-11','Agricultural Development Projects','Agricultural Development Projects','ADP','2023-04-18 11:04:43'),(362,362,NULL,NULL,NULL,NULL,'89-11-01','Agricultural Development Program','Agricultural Development Program','AGRI','2023-04-18 11:04:43'),(363,363,NULL,NULL,NULL,NULL,'89-11-01-01','Farm Corn Cluster Development Project','Farm Corn Cluster Development Project','FCCDP','2023-04-18 11:04:43'),(364,364,NULL,NULL,NULL,NULL,'89-11-01-02','Hybrid Rice Commercialization Prog./ A 50 Hec Model Rice Cluster Proram','Hybrid Rice Commercialization Prog./ A 50 Hec Model Rice Cluster Proram','HRCP','2023-04-18 11:04:43'),(365,365,NULL,NULL,NULL,NULL,'89-11-01-03','Provincial Plant Nursery','Provincial Plant Nursery','PPN','2023-04-18 11:04:43'),(366,366,NULL,NULL,NULL,NULL,'89-11-01-04','Pangabuhian sa Barangay','Pangabuhian sa Barangay','PSB','2023-04-18 11:04:43'),(367,367,NULL,NULL,NULL,NULL,'89-11-01-05','Satellite Seed Testing Laboratory','Satellite Seed Testing Laboratory','SSTL','2023-04-18 11:04:43'),(368,368,NULL,NULL,NULL,NULL,'89-11-01-06','Prov\'l. Seed Processing and Storage Plant','Prov\'l. Seed Processing and Storage Plant','PSPSP','2023-04-18 11:04:43'),(369,369,NULL,NULL,NULL,NULL,'89-11-01-07','Prov\'l. Irrigation Project','Prov\'l. Irrigation Project','PIPSP','2023-04-18 11:04:43'),(370,370,NULL,NULL,NULL,NULL,'89-11-01-07-01','Inventory of IrrigationFacilities using GIS','Inventory of IrrigationFacilities using GIS','IIFGIS','2023-04-18 11:04:43'),(371,371,NULL,NULL,NULL,NULL,'89-11-01-07-02','Repair/Rehabilitation/Maintenance of Inefficient Irrigation Facilities','Repair/Rehabilitation/Maintenance of Inefficient Irrigation Facilities','RRMIIF','2023-04-18 11:04:43'),(372,372,NULL,NULL,NULL,NULL,'89-11-01-07-03','Establishment of Small-Scale Irrigation Projects','Establishment of Small-Scale Irrigation Projects','ESSIP','2023-04-18 11:04:43'),(373,373,NULL,NULL,NULL,NULL,'89-11-01-07-04','Acquisition of irrigation pumps for Rice Aquaculture.','Acquisition of irrigation pumps for Rice Aquaculture.','AIPRA','2023-04-18 11:04:43'),(374,374,NULL,NULL,NULL,NULL,'89-11-01-07-05','Provision of 1 unit Multipurpose Flat Drier','Provision of 1 unit Multipurpose Flat Drier','PMFD','2023-04-18 11:04:43'),(375,375,NULL,NULL,NULL,NULL,'89-11-01-08','Supervised Credit for Rice','Supervised Credit for Rice','SCR','2023-04-18 11:04:43'),(376,376,NULL,NULL,NULL,NULL,'89-11-01-09','Bagsakan Center for Fruits and Vegetables','Bagsakan Center for Fruits and Vegetables','BCFV','2023-04-18 11:04:43'),(377,377,NULL,NULL,NULL,NULL,'89-11-01-10','Market Financing Support for Cooperative Federations','Market Financing Support for Cooperative Federations','MFSCF','2023-04-18 11:04:43'),(378,378,NULL,NULL,NULL,NULL,'89-11-01-11','Techno Demo on Organic Farming','Techno Demo on Organic Farming','TDOF','2023-04-18 11:04:43'),(379,379,NULL,NULL,NULL,NULL,'89-11-01-12','Cooperative Revitalization Project','Cooperative Revitalization Project','CRP','2023-04-18 11:04:43'),(380,380,NULL,NULL,NULL,NULL,'89-11-01-13','Binhian sa Barangay','Binhian sa Barangay','BINHI','2023-04-18 11:04:43'),(381,381,NULL,NULL,NULL,NULL,'89-11-01-14','Organic-Based Rice Program/ Provincial Rice Productivity Support Program','Organic-Based Rice Program/ Provincial Rice Productivity Support Program','OBRP','2023-04-18 11:04:43'),(382,382,NULL,NULL,NULL,NULL,'89-11-01-15','GMA Rice Program','GMA Rice Program','GMARP','2023-04-18 11:04:43'),(383,383,NULL,NULL,NULL,NULL,'89-11-01-16','GMA Corn Program','GMA Corn Program','GMACP','2023-04-18 11:04:43'),(384,384,NULL,NULL,NULL,NULL,'89-11-01-17','Binhian sa Brgy. & Supervised Credit Assessment','Binhian sa Brgy. & Supervised Credit Assessment','BBSCA','2023-04-18 11:04:43'),(385,385,NULL,NULL,NULL,NULL,'89-11-01-18','High Value Coomercial Crop Program','High Value Coomercial Crop Program','HVCCP','2023-04-18 11:04:43'),(386,386,NULL,NULL,NULL,NULL,'89-11-01-19','Support to Agri-Based Organizations','Support to Agri-Based Organizations','SABO','2023-04-18 11:04:43'),(387,387,NULL,NULL,NULL,NULL,'89-11-01-20','Operations & Maint. of Prov\'l. Plant Nursery','Operations & Maint. of Prov\'l. Plant Nursery','OMPPN','2023-04-18 11:04:43'),(388,388,NULL,NULL,NULL,NULL,'89-11-01-21','Monitoring and Evaluation of Agri Projects','Monitoring and Evaluation of Agri Projects','MEAP','2023-04-18 11:04:43'),(389,389,NULL,NULL,NULL,NULL,'89-11-01-22','Corn derby Training nand Dist. of IEC Materials','Corn derby Training nand Dist. of IEC Materials','CDT','2023-04-18 11:04:43'),(390,390,NULL,NULL,NULL,NULL,'89-11-01-23','Promotion of IPM-FFS','Promotion of IPM-FFS','PIF','2023-04-18 11:04:43'),(391,391,NULL,NULL,NULL,NULL,'89-11-01-24','GMA HVCC Program','GMA HVCC Program','GHP','2023-04-18 11:04:43'),(392,392,NULL,NULL,NULL,NULL,'89-11-01-25','Agri-Based Organization','Agri-Based Organization','ABO','2023-04-18 11:04:43'),(393,393,NULL,NULL,NULL,NULL,'89-11-01-26','Farmers Information Technical Service Center','Farmers Information Technical Service Center','FITSC','2023-04-18 11:04:43'),(394,394,NULL,NULL,NULL,NULL,'89-11-01-27','Training on Off-Season Vegetable Production for 4 Hecrs.','Training on Off-Season Vegetable Production for 4 Hecrs.','TSVP','2023-04-18 11:04:43'),(395,395,NULL,NULL,NULL,NULL,'89-11-02','Fisheries Development Program','Fisheries Development Program','FISH','2023-04-18 11:04:43'),(396,396,NULL,NULL,NULL,NULL,'89-11-02-01','Prov\'l. Freshwater Tilapia/Hito Hatchary And Nursery Project','Prov\'l. Freshwater Tilapia/Hito Hatchary And Nursery Project','PFT','2023-04-18 11:04:43'),(397,397,NULL,NULL,NULL,NULL,'89-11-02-02','Satellite Milkfish Hatchary Project','Satellite Milkfish Hatchary Project','SMHP','2023-04-18 11:04:43'),(398,398,NULL,NULL,NULL,NULL,'89-11-02-03','Upgrading Of Capiz Agri-Aqua Lab','Upgrading Of Capiz Agri-Aqua Lab','UCAL','2023-04-18 11:04:43'),(399,399,NULL,NULL,NULL,NULL,'89-11-02-04','Supervised Fisheries Livelihood Financing','Supervised Fisheries Livelihood Financing','SFLF','2023-04-18 11:04:43'),(400,400,NULL,NULL,NULL,NULL,'89-11-02-05','Capiz Red Tide Monitoring','Capiz Red Tide Monitoring','CRTM','2023-04-18 11:04:43'),(401,401,NULL,NULL,NULL,NULL,'89-11-02-06','Operations & Maint. of Agri-Aqua Laboratory','Operations & Maint. of Agri-Aqua Laboratory','OMAAL','2023-04-18 11:04:43'),(402,402,NULL,NULL,NULL,NULL,'89-11-02-07','Soil, Water & Fish Sample Analysis','Soil, Water & Fish Sample Analysis','SWFSA','2023-04-18 11:04:43'),(403,403,NULL,NULL,NULL,NULL,'89-11-02-08','trichoderma Production & Dist. Projects','trichoderma Production & Dist. Projects','TPDP','2023-04-18 11:04:43'),(404,404,NULL,NULL,NULL,NULL,'89-11-02-09','Laboratory Facilities Improvement','Laboratory Facilities Improvement','LFI','2023-04-18 11:04:43'),(405,405,NULL,NULL,NULL,NULL,'89-11-02-10','Rehabilitation of Small Scale Irrigation','Rehabilitation of Small Scale Irrigation','RSCI','2023-04-18 11:04:43'),(406,406,NULL,NULL,NULL,NULL,'89-11-02-11','Establishment of Fisheries Tech Demonstration','Establishment of Fisheries Tech Demonstration','EFTD','2023-04-18 11:04:43'),(407,407,NULL,NULL,NULL,NULL,'89-11-02-12','Collaborative Research Project','Collaborative Research Project','CRP','2023-04-18 11:04:43'),(408,408,NULL,NULL,NULL,NULL,'89-11-02-13','GMA Fisheries','GMA Fisheries','GMAF','2023-04-18 11:04:43'),(409,409,NULL,NULL,NULL,NULL,'89-11-02-14','Institutional Dev\'t. of Agri-Based Org.','Institutional Dev\'t. of Agri-Based Org.','IDABO','2023-04-18 11:04:43'),(410,410,NULL,NULL,NULL,NULL,'89-11-02-15','Aquaculture of Mudcrab','Aquaculture of Mudcrab','ACM','2023-04-18 11:04:43'),(411,411,NULL,NULL,NULL,NULL,'89-11-02-16','Piglet Restocking Program','Piglet Restocking Program','PDP','2023-04-18 11:04:43'),(412,412,NULL,NULL,NULL,NULL,'89-11-02-17','Upgrading of Native Chickens in Rural Areas','Upgrading of Native Chickens in Rural Areas','UNCRA','2023-04-18 11:04:43'),(413,413,NULL,NULL,NULL,NULL,'89-11-03','Enterprise Development Program','Enterprise Development Program','EDP','2023-04-18 11:04:43'),(414,414,NULL,NULL,NULL,NULL,'89-11-03-01','Cooperative Strengthening and Development','Cooperative Strengthening and Development','CSD','2023-04-18 11:04:43'),(415,415,NULL,NULL,NULL,NULL,'89-11-03-02','Trade & Investment Promotion','Trade & Investment Promotion','TIP','2023-04-18 11:04:43'),(416,416,NULL,NULL,NULL,NULL,'89-11-03-03','Livelihood Development Assistance','Livelihood Development Assistance','LDAP','2023-04-18 11:04:43'),(417,417,NULL,NULL,NULL,NULL,'89-11-03-04','Rural Electrification Program','Rural Electrification Program','REP','2023-04-18 11:04:43'),(418,418,NULL,NULL,NULL,NULL,'89-11-04','Special Program for Employment of Students','Special Program for Employment of Students','SPES','2023-04-18 11:04:43'),(419,419,NULL,NULL,NULL,NULL,'89-11-05','Livestock Development Program','Livestock Development Program','LDP','2023-04-18 11:04:43'),(420,420,NULL,NULL,NULL,NULL,'89-11-05-01','Construction/Rehabilitation of Prov\'l. Swine Breeding Center','Construction/Rehabilitation of Prov\'l. Swine Breeding Center','CRPSBC','2023-04-18 11:04:43'),(421,421,NULL,NULL,NULL,NULL,'89-11-05-02','Capiz Goat Production and breeding Station','Capiz Goat Production and breeding Station','CGPBS','2023-04-18 11:04:43'),(422,422,NULL,NULL,NULL,NULL,'89-11-05-03','Hog Cholera Control Project','Hog Cholera Control Project','HCCP','2023-04-18 11:04:43'),(423,423,NULL,NULL,NULL,NULL,'89-11-05-04','Elimination of Stray Dogs for Rabies-Free Capiz','Elimination of Stray Dogs for Rabies-Free Capiz','ESDRFC','2023-04-18 11:04:43'),(424,424,NULL,NULL,NULL,NULL,'89-11-05-05','facilities Improvement','facilities Improvement','FI','2023-04-18 11:04:43'),(425,425,NULL,NULL,NULL,NULL,'89-11-05-06','Procurement of GILTS','Procurement of GILTS','PGILTS','2023-04-18 11:04:43'),(426,426,NULL,NULL,NULL,NULL,'89-11-05-07','Center Operation Maintenance','Center Operation Maintenance','COM','2023-04-18 11:04:43'),(427,427,NULL,NULL,NULL,NULL,'89-11-05-08','Brgy. Livestock Vaccination Program','Brgy. Livestock Vaccination Program','BLVP','2023-04-18 11:04:43'),(428,428,NULL,NULL,NULL,NULL,'89-11-05-09','prov\'l. Response on Veterinary Emergency and Tech. (PRO-VET)','prov\'l. Response on Veterinary Emergency and Tech. (PRO-VET)','PRVET','2023-04-18 11:04:43'),(429,429,NULL,NULL,NULL,NULL,'89-11-05-10','Breeder of Doe','Breeder of Doe','BRD','2023-04-18 11:04:43'),(430,430,NULL,NULL,NULL,NULL,'89-11-05-11','Breeder of Bucks','Breeder of Bucks','BRB','2023-04-18 11:04:43'),(431,431,NULL,NULL,NULL,NULL,'89-11-05-12','Forage Development Projects','Forage Development Projects','FDP','2023-04-18 11:04:43'),(432,432,NULL,NULL,NULL,NULL,'89-11-05-13','Provincial Swine Breeder Production Center','Provincial Swine Breeder Production Center','PSBP','2023-04-18 11:04:43'),(433,433,NULL,NULL,NULL,NULL,'89-11-05-14','Construction of Sewerage Tank','Construction of Sewerage Tank','CCST','2023-04-18 11:04:43'),(434,434,NULL,NULL,NULL,NULL,'89-11-05-15','Philippine Rural Development Program','Philippine Rural Development Program','PRDP','2023-04-18 11:04:43'),(435,435,NULL,NULL,NULL,NULL,'89-11-06','Self-Employment for Kaunlaran','Self-Employment for Kaunlaran','SEK','2023-04-18 11:04:43'),(436,436,NULL,NULL,NULL,NULL,'89-11-06-01','Rehabilitation of Folks Dining Area','Rehabilitation of Folks Dining Area','RFDA','2023-04-18 11:04:43'),(437,437,NULL,NULL,NULL,NULL,'89-11-07','Farm Mechanization Program','Farm Mechanization Program','FMP','2023-04-18 11:04:43'),(438,438,NULL,NULL,NULL,NULL,'89-12','Tourism Development','Tourism Development','TOUR','2023-04-18 11:04:43'),(439,439,NULL,NULL,NULL,NULL,'89-12-01','Production of Tourism Brochures','Production of Tourism Brochures','PTB','2023-04-18 11:04:43'),(440,440,NULL,NULL,NULL,NULL,'89-12-02','Production of Tourism Directional Sinages','Production of Tourism Directional Sinages','PTDS','2023-04-18 11:04:43'),(441,441,NULL,NULL,NULL,NULL,'89-12-03','Tourism-Related Seminars for Tourism Frontliners','Tourism-Related Seminars for Tourism Frontliners','TSTF','2023-04-18 11:04:43'),(442,442,NULL,NULL,NULL,NULL,'89-12-04','Tourism Networking','Tourism Networking','TN','2023-04-18 11:04:43'),(443,443,NULL,NULL,NULL,NULL,'89-12-05','Familiarization Tour for Media and Tour Operators','Familiarization Tour for Media and Tour Operators','FTMTO','2023-04-18 11:04:43'),(444,444,NULL,NULL,NULL,NULL,'89-12-06','Skills Training for Local Tourism Staff','Skills Training for Local Tourism Staff','STLTS','2023-04-18 11:04:43'),(445,445,NULL,NULL,NULL,NULL,'89-12-07','Artistic Training / Repertory Guidance','Artistic Training / Repertory Guidance','ATRG','2023-04-18 11:04:43'),(446,446,NULL,NULL,NULL,NULL,'89-12-08','Philippine Travel Mart','Philippine Travel Mart','PTM','2023-04-18 11:04:43'),(447,447,NULL,NULL,NULL,NULL,'89-12-09','Participation to World Tourism Assembly','Participation to World Tourism Assembly','PWTA','2023-04-18 11:04:43'),(448,448,NULL,NULL,NULL,NULL,'89-12-10','Hosting of National Indigenoue Peoples','Hosting of National Indigenoue Peoples','HNIP','2023-04-18 11:04:43'),(449,449,NULL,NULL,NULL,NULL,'89-12-11','Establishment of School for Living Tradition','Establishment of School for Living Tradition','ESLT','2023-04-18 11:04:43'),(450,450,NULL,NULL,NULL,NULL,'89-12-12','Provision of Financial Assistance for the Mounting of Theatre Performances','Provision of Financial Assistance for the Mounting of Theatre Performances','PFATP','2023-04-18 11:04:43'),(451,451,NULL,NULL,NULL,NULL,'89-12-13','Capiz Arts Month','Capiz Arts Month','CAM','2023-04-18 11:04:43'),(452,452,NULL,NULL,NULL,NULL,'89-12-14','Hosting of One Visayas','Hosting of One Visayas','HOV','2023-04-18 11:04:43'),(453,453,NULL,NULL,NULL,NULL,'89-12-15','Tourism Information Center','Tourism Information Center','TIC','2023-04-18 11:04:43'),(454,454,NULL,NULL,NULL,NULL,'89-12-15-01','Production of Collaterals for Tourism Promotion','Production of Collaterals for Tourism Promotion','PCTP','2023-04-18 11:04:43'),(455,455,NULL,NULL,NULL,NULL,'89-12-16','Participation in International Event','Participation in International Event','PIE','2023-04-18 11:04:43'),(456,456,NULL,NULL,NULL,NULL,'89-12-17','Promotion of Capiz Cultural & History','Promotion of Capiz Cultural & History','PCCH','2023-04-18 11:04:43'),(457,457,NULL,NULL,NULL,NULL,'89-12-17-01','Artista Sang Banwa','Artista Sang Banwa','ASB','2023-04-18 11:04:43'),(458,458,NULL,NULL,NULL,NULL,'89-12-18','CAPIZtahan 2011','CAPIZtahan 2011','CAP','2023-04-18 11:04:43'),(459,459,NULL,NULL,NULL,NULL,'89-12-19','National Heritage Month Celebration','National Heritage Month Celebration','NHMC','2023-04-18 11:04:43'),(460,460,NULL,NULL,NULL,NULL,'89-12-20','Participation in atleast 4 Travel Fairs','Participation in atleast 4 Travel Fairs','PLT','2023-04-18 11:04:43'),(461,461,NULL,NULL,NULL,NULL,'89-12-21','Provincial Tourism Week','Provincial Tourism Week','PTW','2023-04-18 11:04:43'),(462,462,NULL,NULL,NULL,NULL,'89-12-22','Production of Audio-Visual Presentation & Documentaries','Production of Audio-Visual Presentation & Documentaries','PAVPD','2023-04-18 11:04:43'),(463,463,NULL,NULL,NULL,NULL,'89-12-23','Photo Documentation of Tourism & Cultural Products','Photo Documentation of Tourism & Cultural Products','PDTCP','2023-04-18 11:04:43'),(464,464,NULL,NULL,NULL,NULL,'89-12-24','DOT-JIC Capiz for Devpt. of Tourism Statistics','DOT-JIC Capiz for Devpt. of Tourism Statistics','DOT-JIC','2023-04-18 11:04:43'),(465,465,NULL,NULL,NULL,NULL,'89-15','Provincial Government Lending Program','Provincial Government Lending Program','PGLP','2023-04-18 11:04:43'),(466,466,NULL,NULL,NULL,NULL,'89-19','Environment Management Program','Environment Management Program','ENMP','2023-04-18 11:04:43'),(467,467,NULL,NULL,NULL,NULL,'89-19-01','Clean and Green Projects','Clean and Green Projects','CLEAN','2023-04-18 11:04:43'),(468,468,NULL,NULL,NULL,NULL,'89-19-02','Coastal Resource Management','Coastal Resource Management','COAST','2023-04-18 11:04:43'),(469,469,NULL,NULL,NULL,NULL,'89-19-03','Integrated Social Forestry','Integrated Social Forestry','FOREST','2023-04-18 11:04:43'),(470,470,NULL,NULL,NULL,NULL,'89-19-04','gawad Pangulo sa Kapaligiran','gawad Pangulo sa Kapaligiran','GPK','2023-04-18 11:04:43'),(471,471,NULL,NULL,NULL,NULL,'89-19-05','Nagba Provincial Eco-Park','Nagba Provincial Eco-Park','NPEP','2023-04-18 11:04:43'),(472,472,NULL,NULL,NULL,NULL,'89-19-06','Solid Waste Management','Solid Waste Management','SWM','2023-04-18 11:04:43'),(473,473,NULL,NULL,NULL,NULL,'89-19-07','Search for Cleanest & Greenest Highway','Search for Cleanest & Greenest Highway','SFCGH','2023-04-18 11:04:43'),(474,474,NULL,NULL,NULL,NULL,'89-20','Livelihood Services - Livelihood Diversification Project','Livelihood Services - Livelihood Diversification Project','LSLDP','2023-04-18 11:04:43'),(475,475,NULL,NULL,NULL,NULL,'89-21','Agro-Forestry Technology & Resource Enrichment','Agro-Forestry Technology & Resource Enrichment','AFTRE','2023-04-18 11:04:43'),(476,476,NULL,NULL,NULL,NULL,'89-22','Concrete Paving of Provincial Roads','Concrete Paving of Provincial Roads','HEPD','2023-04-18 11:04:43'),(477,477,NULL,NULL,NULL,NULL,'89-22-01','Heavy Equipment Rehabilitation Program','Heavy Equipment Rehabilitation Program','HERP','2023-04-18 11:04:43'),(478,478,NULL,NULL,NULL,NULL,'89-99','Other Econmic Services','Other Econmic Services','OES','2023-04-18 11:04:43'),(479,479,NULL,NULL,NULL,NULL,'89-99-01','Extension Support Services','Extension Support Services','EXSS','2023-04-18 11:04:43'),(480,480,NULL,NULL,NULL,NULL,'89-99-02','Trainings, Information & Media Advocacy','Trainings, Information & Media Advocacy','TIMA','2023-04-18 11:04:43'),(481,481,NULL,NULL,NULL,NULL,'89-99-03','Improved Access to Safe Water Supply','Improved Access to Safe Water Supply','IASWS','2023-04-18 11:04:43'),(482,482,NULL,NULL,NULL,NULL,'99','Other Purposes','Other Purposes','OTP','2023-04-18 11:04:43'),(483,483,NULL,NULL,NULL,NULL,'99-11','Equipment Development Loan Amortization','Equipment Development Loan Amortization','EMORT','2023-04-18 11:04:43'),(484,484,NULL,NULL,NULL,NULL,'99-11-01','Infrastructure Dev\'t Loan Amortization','Infrastructure Dev\'t Loan Amortization','IDLA','2023-04-18 11:04:43'),(485,485,NULL,NULL,NULL,NULL,'99-19','Provincial Disaster Risk Reduction Mgmt. Office','Provincial Disaster Risk Reduction Mgmt. Office','PDRRMO','2023-04-18 11:04:43'),(486,486,NULL,NULL,NULL,NULL,'99-31','Terminal Pay','Terminal Pay','TERM','2023-04-18 11:04:43'),(487,487,NULL,NULL,NULL,NULL,'99-98','Calamity Fund','Calamity Fund','CALA','2023-04-18 11:04:43'),(488,488,NULL,NULL,NULL,NULL,'99-99','Miscellaneous Purposes','Miscellaneous Purposes','MISCP','2023-04-18 11:04:43'),(489,489,NULL,NULL,NULL,NULL,'99-99-01','Aid to Barangay','Aid to Barangay','BRGY','2023-04-18 11:04:43'),(490,490,NULL,NULL,NULL,NULL,'99-99-02','Livelihood and Manpower Services','Livelihood and Manpower Services','LMS','2023-04-18 11:04:43'),(491,491,NULL,NULL,NULL,NULL,'99-99-03','Improvement of Capitol Building','Improvement of Capitol Building','CAP','2023-04-18 11:04:43'),(492,492,NULL,NULL,NULL,NULL,'99-99-04','Villareal Staduim Development Program','Villareal Staduim Development Program','VSTAD','2023-04-18 11:04:43'),(493,493,NULL,NULL,NULL,NULL,'99-99-05','Presidential Bridge Program','Presidential Bridge Program','PBRID','2023-04-18 11:04:43'),(494,494,NULL,NULL,NULL,NULL,'99-99-06','Water Expenses','Water Expenses','WAT','2023-04-18 11:04:43'),(495,495,NULL,NULL,NULL,NULL,'99-99-07','Electricity Expenses','Electricity Expenses','ELEC','2023-04-18 11:04:43'),(496,496,NULL,NULL,NULL,NULL,'99-99-08','Telephone Expense Landline - PABX','Telephone Expense Landline - PABX','PABX','2023-04-18 11:04:43'),(497,497,NULL,NULL,NULL,NULL,'99-99-09','Electronic-New Government Accounting System','Electronic-New Government Accounting System','ENGAS','2023-04-18 11:04:43'),(498,498,NULL,NULL,NULL,NULL,'99-99-10','Local Area Network','Local Area Network','LAN','2023-04-18 11:04:43'),(499,499,NULL,NULL,NULL,NULL,'99-99-11','Prov\'l. Housing Project','Prov\'l. Housing Project','HOUSE','2023-04-18 11:04:43'),(500,500,NULL,NULL,NULL,NULL,'99-99-12','Construction/Repair of PEO Facilities','Construction/Repair of PEO Facilities','PEO','2023-04-18 11:04:43'),(501,501,NULL,NULL,NULL,NULL,'99-99-13','Capiz Gym (Aircon)','Capiz Gym (Aircon)','AIR','2023-04-18 11:04:43'),(502,502,NULL,NULL,NULL,NULL,'99-99-14','CBDAP','CBDAP','CBDAP','2023-04-18 11:04:43'),(503,503,NULL,NULL,NULL,NULL,'99-99-15','Improvement of Gov\'t. Buildings/Facilities','Improvement of Gov\'t. Buildings/Facilities','FAC','2023-04-18 11:04:43'),(504,504,NULL,NULL,NULL,NULL,'99-99-16','Prov\'l. Assistance to LGU','Prov\'l. Assistance to LGU','PALGU','2023-04-18 11:04:43'),(505,505,NULL,NULL,NULL,NULL,'99-99-17','Improvement/Concreting of Roads','Improvement/Concreting of Roads','ROADS','2023-04-18 11:04:43'),(506,506,NULL,NULL,NULL,NULL,'99-99-18','Economic Enterprise','Economic Enterprise','ECEN','2023-04-18 11:04:43'),(507,507,NULL,NULL,NULL,NULL,'99-99-19','Common Fund(05)','Common Fund(05)','CF','2023-04-18 11:04:43'),(508,508,NULL,NULL,NULL,NULL,'99-99-20','Revenue Generation & Tax Campaign','Revenue Generation & Tax Campaign','RGTC','2023-04-18 11:04:43'),(509,509,NULL,NULL,NULL,NULL,'99-99-21','Anti-Illegal Drugs Campaign','Anti-Illegal Drugs Campaign','AIDC','2023-04-18 11:04:43'),(510,510,NULL,NULL,NULL,NULL,'99-99-22','Capiz Gymnasium','Capiz Gymnasium','CG','2023-04-18 11:04:43'),(511,511,NULL,NULL,NULL,NULL,'99-99-23','Bids and Awards Committee','Bids and Awards Committee','BAC','2023-04-18 11:04:43'),(512,512,NULL,NULL,NULL,NULL,'99-99-24','Gas and Oil (05)','Gas and Oil (05)','G&O','2023-04-18 11:04:43'),(513,513,NULL,NULL,NULL,NULL,'99-99-25','Rehab. of OPA Bldg.','Rehab. of OPA Bldg.','ROPA','2023-04-18 11:04:43'),(514,514,NULL,NULL,NULL,NULL,'99-99-26','Rehab. of of CRC','Rehab. of of CRC','RCRC','2023-04-18 11:04:43'),(515,515,NULL,NULL,NULL,NULL,'99-99-27','Cash Gift-Contractual/Casuals','Cash Gift-Contractual/Casuals','CGCC','2023-04-18 11:04:43'),(516,516,NULL,NULL,NULL,NULL,'99-99-28','Renovation of Historical Site','Renovation of Historical Site','RHS','2023-04-18 11:04:43'),(517,517,NULL,NULL,NULL,NULL,'99-99-29','Legacy Project','Legacy Project','LP','2023-04-18 11:04:43'),(518,518,NULL,NULL,NULL,NULL,'99-99-30','Provincial Subsidy to RMPH Indigent Patients','Provincial Subsidy to RMPH Indigent Patients','PSRIP','2023-04-18 11:04:43'),(519,519,NULL,NULL,NULL,NULL,'99-99-31','Anniversary Bonus','Anniversary Bonus','ANBO','2023-04-18 11:04:43'),(520,520,NULL,NULL,NULL,NULL,'99-99-32','Land Acquisition -Capiz Gymnasium','Land Acquisition -Capiz Gymnasium','LACG','2023-04-18 11:04:43'),(521,521,NULL,NULL,NULL,NULL,'99-99-33','Expenses - Scholars to Taiwan','Expenses - Scholars to Taiwan','ECT','2023-04-18 11:04:43'),(522,522,NULL,NULL,NULL,NULL,'99-99-34','Incentives for Athletes','Incentives for Athletes','INAT','2023-04-18 11:04:43'),(523,523,NULL,NULL,NULL,NULL,'99-99-35','Aid to LMP','Aid to LMP','LMP','2023-04-18 11:04:43'),(524,524,NULL,NULL,NULL,NULL,'99-99-36','Aid to Phil. Councilors League','Aid to Phil. Councilors League','APCL','2023-04-18 11:04:43'),(525,525,NULL,NULL,NULL,NULL,'99-99-37','Mambusao General Hospital Land Acquisition','Mambusao General Hospital Land Acquisition','MGHLA','2023-04-18 11:04:43'),(526,526,NULL,NULL,NULL,NULL,'99-99-38','Prov\'l. Training Center - ESLA','Prov\'l. Training Center - ESLA','PTC','2023-04-18 11:04:43'),(527,527,NULL,NULL,NULL,NULL,'99-99-39','Indigents','Indigents','NDG','2023-04-18 11:04:43'),(528,528,NULL,NULL,NULL,NULL,'99-99-40','Extra Cash Gift','Extra Cash Gift','XCG','2023-04-18 11:04:43'),(529,529,NULL,NULL,NULL,NULL,'99-99-41','Rice (Employees)','Rice (Employees)','RAL','2023-04-18 11:04:43'),(530,530,NULL,NULL,NULL,NULL,'99-99-42','Seed Capital-Capiz Multi Purpose Coop.','Seed Capital-Capiz Multi Purpose Coop.','CMPC','2023-04-18 11:04:43'),(531,531,NULL,NULL,NULL,NULL,'99-99-43','Anniversary Expenses','Anniversary Expenses','ANX','2023-04-18 11:04:43'),(532,532,NULL,NULL,NULL,NULL,'99-99-44','HES/GAD','HES/GAD','HES/GAD','2023-04-18 11:04:43'),(533,533,NULL,NULL,NULL,NULL,'99-99-45','DTI -Small Medium Enterprise Development','DTI -Small Medium Enterprise Development','DTI/SMED','2023-04-18 11:04:43'),(534,534,NULL,NULL,NULL,NULL,'99-99-46','Christmas Party Allowance','Christmas Party Allowance','CPE','2023-04-18 11:04:43'),(535,535,NULL,NULL,NULL,NULL,'99-99-47','West Visayas Regional Athletic Asso. Meet','West Visayas Regional Athletic Asso. Meet','WEVRAA','2023-04-18 11:04:43'),(536,536,NULL,NULL,NULL,NULL,'99-99-48','Brgy. Officials Death Benefits','Brgy. Officials Death Benefits','BODB','2023-04-18 11:04:43'),(537,537,NULL,NULL,NULL,NULL,'99-99-49','Sports Development Program','Sports Development Program','SDP','2023-04-18 11:04:43'),(538,538,NULL,NULL,NULL,NULL,'99-99-50','One Visayas','One Visayas','OVIS','2023-04-18 11:04:43'),(539,539,NULL,NULL,NULL,NULL,'99-99-51','Productivity Enhancement Incentives - Regular','Productivity Enhancement Incentives - Regular','PEI','2023-04-18 11:04:44'),(540,540,NULL,NULL,NULL,NULL,'99-99-52','Kalayaan Brgy. Program','Kalayaan Brgy. Program','KBP','2023-04-18 11:04:44'),(541,541,NULL,NULL,NULL,NULL,'99-99-53','Sinadya Sa Halaran Festival','Sinadya Sa Halaran Festival','SHF','2023-04-18 11:04:44'),(542,542,NULL,NULL,NULL,NULL,'99-99-54','Maintenance and Beautification of Hall of Governors','Maintenance and Beautification of Hall of Governors','BHG','2023-04-18 11:04:44'),(543,543,NULL,NULL,NULL,NULL,'99-99-55','Conduct of Forums and Symposia','Conduct of Forums and Symposia','CFS','2023-04-18 11:04:44'),(544,544,NULL,NULL,NULL,NULL,'99-99-56','Maintenance of Government Ceners','Maintenance of Government Ceners','','2023-04-18 11:04:44'),(545,545,NULL,NULL,NULL,NULL,'99-99-57','Establishment of E-Library','Establishment of E-Library','','2023-04-18 11:04:44');
/*!40000 ALTER TABLE `gl_offices` ENABLE KEYS */;
UNLOCK TABLES;

--
-- Table structure for table `gl_officetype`
--

DROP TABLE IF EXISTS `gl_officetype`;
/*!40101 SET @saved_cs_client     = @@character_set_client */;
/*!50503 SET character_set_client = utf8mb4 */;
CREATE TABLE `gl_officetype` (
  `id` int NOT NULL AUTO_INCREMENT,
  `officetypeid` int DEFAULT NULL,
  `officetype` varchar(45) DEFAULT NULL,
  `logdate` timestamp NULL DEFAULT CURRENT_TIMESTAMP,
  PRIMARY KEY (`id`)
) ENGINE=InnoDB AUTO_INCREMENT=4 DEFAULT CHARSET=utf8mb4 COLLATE=utf8mb4_0900_ai_ci;
/*!40101 SET character_set_client = @saved_cs_client */;

--
-- Dumping data for table `gl_officetype`
--

LOCK TABLES `gl_officetype` WRITE;
/*!40000 ALTER TABLE `gl_officetype` DISABLE KEYS */;
INSERT INTO `gl_officetype` VALUES (1,1,'Mandatory','2023-05-22 01:06:17'),(2,2,'Optional','2023-05-22 01:06:17'),(3,3,'Others','2023-05-22 01:06:17');
/*!40000 ALTER TABLE `gl_officetype` ENABLE KEYS */;
UNLOCK TABLES;

--
-- Table structure for table `gl_queuedetails`
--

DROP TABLE IF EXISTS `gl_queuedetails`;
/*!40101 SET @saved_cs_client     = @@character_set_client */;
/*!50503 SET character_set_client = utf8mb4 */;
CREATE TABLE `gl_queuedetails` (
  `id` int NOT NULL AUTO_INCREMENT,
  `formid` int DEFAULT NULL,
  `accountcode` varchar(15) DEFAULT NULL,
  `officecode` varchar(15) DEFAULT NULL,
  `obrseries` int DEFAULT NULL,
  `details1` varchar(45) DEFAULT NULL,
  `details2` varchar(45) DEFAULT NULL,
  `details3` varchar(45) DEFAULT NULL,
  PRIMARY KEY (`id`)
) ENGINE=InnoDB AUTO_INCREMENT=4 DEFAULT CHARSET=utf8mb4 COLLATE=utf8mb4_0900_ai_ci COMMENT='Details of all transactions under queueform; multirow details.';
/*!40101 SET character_set_client = @saved_cs_client */;

--
-- Dumping data for table `gl_queuedetails`
--

LOCK TABLES `gl_queuedetails` WRITE;
/*!40000 ALTER TABLE `gl_queuedetails` DISABLE KEYS */;
INSERT INTO `gl_queuedetails` VALUES (1,1,'5-01-02-030','1011-4',1,'275209.19','Any Details about the amount',NULL),(2,1,'5-01-02-020','1011-4',1,'137605.00','another detail about the next amount',NULL),(3,1,'5-01-02-050','1011-4',1,'137605.00','last detail of amount',NULL);
/*!40000 ALTER TABLE `gl_queuedetails` ENABLE KEYS */;
UNLOCK TABLES;

--
-- Table structure for table `gl_queueform`
--

DROP TABLE IF EXISTS `gl_queueform`;
/*!40101 SET @saved_cs_client     = @@character_set_client */;
/*!50503 SET character_set_client = utf8mb4 */;
CREATE TABLE `gl_queueform` (
  `id` int NOT NULL AUTO_INCREMENT,
  `officecode` varchar(15) DEFAULT NULL,
  `status` varchar(255) DEFAULT NULL,
  `payee` varchar(255) DEFAULT NULL,
  `totalamount` decimal(10,2) DEFAULT NULL,
  `transdate` timestamp NULL DEFAULT NULL,
  PRIMARY KEY (`id`)
) ENGINE=InnoDB AUTO_INCREMENT=4 DEFAULT CHARSET=utf8mb4 COLLATE=utf8mb4_0900_ai_ci COMMENT='All transactions begins here; lists of all incoming transactions; just like the receiption area';
/*!40101 SET character_set_client = @saved_cs_client */;

--
-- Dumping data for table `gl_queueform`
--

LOCK TABLES `gl_queueform` WRITE;
/*!40000 ALTER TABLE `gl_queueform` DISABLE KEYS */;
INSERT INTO `gl_queueform` VALUES (1,'1011-4','Pending','G Antonio Arbis',550419.19,'2023-04-16 16:00:00'),(2,'1011-2','Pending','Thea Faith Reyes',17000.00,'2023-04-16 16:00:00'),(3,'1011-1','Pending','Victor Tanco Jr.',17000.00,'2023-04-16 16:00:00');
/*!40000 ALTER TABLE `gl_queueform` ENABLE KEYS */;
UNLOCK TABLES;

--
-- Table structure for table `gl_registry`
--

DROP TABLE IF EXISTS `gl_registry`;
/*!40101 SET @saved_cs_client     = @@character_set_client */;
/*!50503 SET character_set_client = utf8mb4 */;
CREATE TABLE `gl_registry` (
  `id` int NOT NULL AUTO_INCREMENT,
  `registryid` int DEFAULT NULL,
  `registrycode` varchar(10) DEFAULT NULL,
  `registryname` varchar(255) DEFAULT NULL,
  `registrydescription` varchar(255) DEFAULT NULL,
  `logdate` timestamp NULL DEFAULT CURRENT_TIMESTAMP,
  PRIMARY KEY (`id`)
) ENGINE=InnoDB AUTO_INCREMENT=4 DEFAULT CHARSET=utf8mb4 COLLATE=utf8mb4_0900_ai_ci;
/*!40101 SET character_set_client = @saved_cs_client */;

--
-- Dumping data for table `gl_registry`
--

LOCK TABLES `gl_registry` WRITE;
/*!40000 ALTER TABLE `gl_registry` DISABLE KEYS */;
INSERT INTO `gl_registry` VALUES (1,1,'100','Personal Services','PS','2023-04-17 12:27:40'),(2,2,'200','Maintenance and Other Operating Expenses','MOOE','2023-04-17 12:27:40'),(3,3,'300','Capital Outlay','CO','2023-04-17 12:27:40');
/*!40000 ALTER TABLE `gl_registry` ENABLE KEYS */;
UNLOCK TABLES;

--
-- Table structure for table `gl_sectorguide`
--

DROP TABLE IF EXISTS `gl_sectorguide`;
/*!40101 SET @saved_cs_client     = @@character_set_client */;
/*!50503 SET character_set_client = utf8mb4 */;
CREATE TABLE `gl_sectorguide` (
  `id` int NOT NULL AUTO_INCREMENT,
  `sectorguideid` int DEFAULT NULL,
  `description` varchar(45) DEFAULT NULL,
  `dateimplemented` date DEFAULT NULL,
  `logdate` timestamp NULL DEFAULT CURRENT_TIMESTAMP,
  PRIMARY KEY (`id`)
) ENGINE=InnoDB AUTO_INCREMENT=3 DEFAULT CHARSET=utf8mb4 COLLATE=utf8mb4_0900_ai_ci;
/*!40101 SET character_set_client = @saved_cs_client */;

--
-- Dumping data for table `gl_sectorguide`
--

LOCK TABLES `gl_sectorguide` WRITE;
/*!40000 ALTER TABLE `gl_sectorguide` DISABLE KEYS */;
INSERT INTO `gl_sectorguide` VALUES (1,1,'Sector Guide Description here','2021-01-01','2023-05-25 07:04:40'),(2,2,'Another Guide','2024-01-01','2023-05-25 07:04:40');
/*!40000 ALTER TABLE `gl_sectorguide` ENABLE KEYS */;
UNLOCK TABLES;

--
-- Table structure for table `gl_sectors`
--

DROP TABLE IF EXISTS `gl_sectors`;
/*!40101 SET @saved_cs_client     = @@character_set_client */;
/*!50503 SET character_set_client = utf8mb4 */;
CREATE TABLE `gl_sectors` (
  `id` int NOT NULL AUTO_INCREMENT,
  `sectorid` int DEFAULT NULL,
  `sectorcode` int DEFAULT NULL,
  `sectorguideid` int DEFAULT NULL,
  `sectorname` varchar(45) DEFAULT NULL,
  `sectordescription` varchar(45) DEFAULT NULL,
  `logdate` timestamp NULL DEFAULT CURRENT_TIMESTAMP,
  PRIMARY KEY (`id`)
) ENGINE=InnoDB AUTO_INCREMENT=5 DEFAULT CHARSET=utf8mb4 COLLATE=utf8mb4_0900_ai_ci;
/*!40101 SET character_set_client = @saved_cs_client */;

--
-- Dumping data for table `gl_sectors`
--

LOCK TABLES `gl_sectors` WRITE;
/*!40000 ALTER TABLE `gl_sectors` DISABLE KEYS */;
INSERT INTO `gl_sectors` VALUES (1,1,1000,NULL,'General Public Services','General Public Services','2023-05-22 01:10:42'),(2,2,3000,NULL,'Social Services','Social Services','2023-05-22 01:10:42'),(3,3,8000,NULL,'Economic Services','Economic Services','2023-05-22 01:10:42'),(4,4,9000,NULL,'Other Services','Other Services','2023-05-22 01:10:42');
/*!40000 ALTER TABLE `gl_sectors` ENABLE KEYS */;
UNLOCK TABLES;

--
-- Table structure for table `gl_spcactivities`
--

DROP TABLE IF EXISTS `gl_spcactivities`;
/*!40101 SET @saved_cs_client     = @@character_set_client */;
/*!50503 SET character_set_client = utf8mb4 */;
CREATE TABLE `gl_spcactivities` (
  `id` int NOT NULL AUTO_INCREMENT,
  `activityid` int DEFAULT NULL,
  `sectorid` int DEFAULT NULL,
  `subsectorid` int DEFAULT NULL,
  `projectid` int DEFAULT NULL,
  `programid` int DEFAULT NULL,
  `activitycode` varchar(5) DEFAULT NULL,
  `activityname` varchar(255) DEFAULT NULL,
  `activitydescription` varchar(255) DEFAULT NULL,
  `logdate` timestamp NULL DEFAULT CURRENT_TIMESTAMP,
  PRIMARY KEY (`id`)
) ENGINE=InnoDB AUTO_INCREMENT=8 DEFAULT CHARSET=utf8mb4 COLLATE=utf8mb4_0900_ai_ci;
/*!40101 SET character_set_client = @saved_cs_client */;

--
-- Dumping data for table `gl_spcactivities`
--

LOCK TABLES `gl_spcactivities` WRITE;
/*!40000 ALTER TABLE `gl_spcactivities` DISABLE KEYS */;
INSERT INTO `gl_spcactivities` VALUES (1,1,1,13,1,23,'001','KlimaAlam: ICE Materials for Environmental and Climate Change Campaigns','KlimaAlam: ICE Materials for Environmental and Climate Change Campaigns','2023-05-22 04:28:18'),(2,2,1,13,1,23,'002','Go LGU: Capability Development of LGU in support to their implementation of Climate Change and Environmental Programs','Go LGU: Capability Development of LGU in support to their implementation of Climate Change and Environmental Programs','2023-05-22 04:28:18'),(3,3,1,13,1,23,'003','Dungog Lunhaw: Search for Oustanding Environmental Initiatives','Dungog Lunhaw: Search for Oustanding Environmental Initiatives','2023-05-22 04:28:18'),(4,4,1,13,1,23,'004','Institutionalized Monthly Environmental Celebration','Institutionalized Monthly Environmental Celebration','2023-05-22 04:28:18'),(5,5,1,13,1,23,'005','KlimaAlam: Solution and Research Based Approach','KlimaAlam: Solution and Research Based Approach','2023-05-22 04:28:18'),(6,6,1,13,1,23,'006','Radio Media Environmental Awareness Campaign','Radio Media Environmental Awareness Campaign','2023-05-22 04:28:18'),(7,7,1,13,1,23,'007','One 4 Trees Project','One 4 Trees Project','2023-05-22 08:13:17');
/*!40000 ALTER TABLE `gl_spcactivities` ENABLE KEYS */;
UNLOCK TABLES;

--
-- Table structure for table `gl_spcfunds`
--

DROP TABLE IF EXISTS `gl_spcfunds`;
/*!40101 SET @saved_cs_client     = @@character_set_client */;
/*!50503 SET character_set_client = utf8mb4 */;
CREATE TABLE `gl_spcfunds` (
  `id` int NOT NULL AUTO_INCREMENT,
  `fundid` int DEFAULT NULL,
  `spcfundid` int DEFAULT NULL,
  `spcfunddescription` varchar(255) DEFAULT NULL,
  `logdate` timestamp NULL DEFAULT CURRENT_TIMESTAMP,
  PRIMARY KEY (`id`)
) ENGINE=InnoDB AUTO_INCREMENT=17 DEFAULT CHARSET=utf8mb4 COLLATE=utf8mb4_0900_ai_ci;
/*!40101 SET character_set_client = @saved_cs_client */;

--
-- Dumping data for table `gl_spcfunds`
--

LOCK TABLES `gl_spcfunds` WRITE;
/*!40000 ALTER TABLE `gl_spcfunds` DISABLE KEYS */;
INSERT INTO `gl_spcfunds` VALUES (1,1,1,'GF - Proper','2023-05-05 07:43:54'),(2,1,2,'20% Development Fund','2023-05-05 07:43:54'),(3,1,3,'5% Calamity Fund','2023-05-05 07:43:54'),(4,1,4,'Bayanihan Grant to Provinces (BGP)','2023-05-05 07:43:54'),(5,1,5,'Capiz Governmnet Business Center','2023-05-05 07:43:54'),(6,1,6,'GAD Fund','2023-05-05 07:43:54'),(7,1,7,'Health Systems Devlopment Program','2023-05-05 07:43:54'),(8,1,8,'Hospital Operations','2023-05-05 07:43:54'),(9,1,9,'Provincial Government Lending Program','2023-05-05 07:43:54'),(10,1,10,'Roxas Memorial Provincial Hospital','2023-05-05 07:43:54'),(11,1,11,'Villareal Stadium','2023-05-05 07:43:54'),(12,2,12,'Special Education Fund','2023-05-05 07:45:54'),(13,3,13,'Philippine Rural Development Program - I BUILD','2023-05-05 07:45:54'),(14,3,14,'Phippine Rural Development Project - I REAP','2023-05-05 07:45:54'),(15,3,15,'Trust Fund','2023-05-05 07:45:54'),(16,3,16,'Universal Health Care Fund','2023-05-05 07:45:54');
/*!40000 ALTER TABLE `gl_spcfunds` ENABLE KEYS */;
UNLOCK TABLES;

--
-- Table structure for table `gl_spcprograms`
--

DROP TABLE IF EXISTS `gl_spcprograms`;
/*!40101 SET @saved_cs_client     = @@character_set_client */;
/*!50503 SET character_set_client = utf8mb4 */;
CREATE TABLE `gl_spcprograms` (
  `id` int NOT NULL AUTO_INCREMENT,
  `programid` varchar(45) DEFAULT NULL,
  `sectorid` int DEFAULT NULL,
  `subsectorid` int DEFAULT NULL,
  `programcode` varchar(5) DEFAULT NULL,
  `programname` varchar(255) DEFAULT NULL,
  `programdescription` varchar(255) DEFAULT NULL,
  `logdate` timestamp NULL DEFAULT CURRENT_TIMESTAMP,
  PRIMARY KEY (`id`)
) ENGINE=InnoDB AUTO_INCREMENT=24 DEFAULT CHARSET=utf8mb4 COLLATE=utf8mb4_0900_ai_ci;
/*!40101 SET character_set_client = @saved_cs_client */;

--
-- Dumping data for table `gl_spcprograms`
--

LOCK TABLES `gl_spcprograms` WRITE;
/*!40000 ALTER TABLE `gl_spcprograms` DISABLE KEYS */;
INSERT INTO `gl_spcprograms` VALUES (1,'1',1,1,'001','General Administration','General Administration','2023-05-22 03:55:07'),(2,'2',1,1,'002','Provincial Procurement Management Division (PPMD) ','Provincial Procurement Management Division (PPMD) ','2023-05-22 03:55:07'),(3,'3',1,1,'003','Sports, Recreation and Business Management Unit (CGBC)','Sports, Recreation and Business Management Unit (CGBC)','2023-05-22 03:55:07'),(4,'4',1,1,'004','Villareal Stadium and Capiz Gymnasium','Villareal Stadium and Capiz Gymnasium','2023-05-22 03:55:07'),(5,'5',1,1,'005','Hospital Management Unit','Hospital Management Unit','2023-05-22 03:55:07'),(6,'6',1,1,'006','Public Employment Service Office','Public Employment Service Office','2023-05-22 03:55:07'),(7,'7',1,1,'007','Equipment Pool Division','Equipment Pool Division','2023-05-22 03:55:07'),(8,'8',1,2,'001','General Administration','General Administration','2023-05-22 04:05:12'),(9,'9',1,2,'002','Legislation Services','Legislation Services','2023-05-22 04:05:12'),(10,'10',1,3,'001','General Administration','General Administration','2023-05-22 04:06:48'),(11,'11',1,4,'001','General Administration','General Administration','2023-05-22 04:06:48'),(12,'12',1,5,'001','General Administration','General Administration','2023-05-22 04:06:48'),(13,'13',1,6,'001','General Administration','General Administration','2023-05-22 04:06:48'),(14,'14',1,7,'001','General Administration','General Administration','2023-05-22 04:06:48'),(15,'15',1,8,'001','General Administration, PLO','General Administration, PLO','2023-05-22 04:10:21'),(16,'16',1,8,'002','Public Attorney (Roxas City)','Public Attorney (Roxas City)','2023-05-22 04:10:21'),(17,'17',1,8,'003','Public Attorney (Mambusao)','Public Attorney (Mambusao)','2023-05-22 04:10:21'),(18,'18',1,9,'001','General Administration','General Administration','2023-05-22 04:10:21'),(19,'19',1,10,'001','General Administration','General Administration','2023-05-22 04:10:21'),(20,'20',1,11,'001','General Administration','General Administration','2023-05-22 04:10:21'),(21,'21',1,12,'001','General Administration','General Administration','2023-05-22 04:10:21'),(22,'22',1,13,'001','General Administration','General Administration','2023-05-22 04:10:21'),(23,'23',1,13,'002','Disaster Prevention and Mitigation','Disaster Prevention and Mitigation','2023-05-22 04:12:58');
/*!40000 ALTER TABLE `gl_spcprograms` ENABLE KEYS */;
UNLOCK TABLES;

--
-- Table structure for table `gl_spcprojects`
--

DROP TABLE IF EXISTS `gl_spcprojects`;
/*!40101 SET @saved_cs_client     = @@character_set_client */;
/*!50503 SET character_set_client = utf8mb4 */;
CREATE TABLE `gl_spcprojects` (
  `id` int NOT NULL AUTO_INCREMENT,
  `projectid` int DEFAULT NULL,
  `projectcode` varchar(5) DEFAULT NULL,
  `programid` int DEFAULT NULL,
  `projectname` varchar(255) DEFAULT NULL,
  `projectdescription` varchar(255) DEFAULT NULL,
  `logdate` timestamp NULL DEFAULT CURRENT_TIMESTAMP,
  PRIMARY KEY (`id`)
) ENGINE=InnoDB AUTO_INCREMENT=4 DEFAULT CHARSET=utf8mb4 COLLATE=utf8mb4_0900_ai_ci;
/*!40101 SET character_set_client = @saved_cs_client */;

--
-- Dumping data for table `gl_spcprojects`
--

LOCK TABLES `gl_spcprojects` WRITE;
/*!40000 ALTER TABLE `gl_spcprojects` DISABLE KEYS */;
INSERT INTO `gl_spcprojects` VALUES (1,1,'001',23,'Climate Action Education and Public Awareness Campaign','Climate Action Education and Public Awareness Campaign','2023-05-22 04:18:56'),(2,2,'002',23,'Go Green Capiz','Go Green Capiz','2023-05-22 08:12:23'),(3,3,'003',23,'Integrated Social Forestry','Integrated Social Forestry','2023-05-22 08:18:37');
/*!40000 ALTER TABLE `gl_spcprojects` ENABLE KEYS */;
UNLOCK TABLES;

--
-- Table structure for table `gl_subsectors`
--

DROP TABLE IF EXISTS `gl_subsectors`;
/*!40101 SET @saved_cs_client     = @@character_set_client */;
/*!50503 SET character_set_client = utf8mb4 */;
CREATE TABLE `gl_subsectors` (
  `id` int NOT NULL AUTO_INCREMENT,
  `subsectorid` int DEFAULT NULL,
  `sectorid` int DEFAULT NULL,
  `officeid` int DEFAULT NULL,
  `subsectorcode` varchar(5) DEFAULT NULL,
  `subsectorname` varchar(255) DEFAULT NULL,
  `subsectordescription` varchar(255) DEFAULT NULL,
  `logdate` timestamp NULL DEFAULT CURRENT_TIMESTAMP,
  PRIMARY KEY (`id`)
) ENGINE=InnoDB AUTO_INCREMENT=37 DEFAULT CHARSET=utf8mb4 COLLATE=utf8mb4_0900_ai_ci;
/*!40101 SET character_set_client = @saved_cs_client */;

--
-- Dumping data for table `gl_subsectors`
--

LOCK TABLES `gl_subsectors` WRITE;
/*!40000 ALTER TABLE `gl_subsectors` DISABLE KEYS */;
INSERT INTO `gl_subsectors` VALUES (1,1,1,2,'001','Executive Services','Executive Services','2023-05-22 01:22:49'),(2,2,1,5,'002','Legislative Services','Legislative Services','2023-05-22 01:22:49'),(3,3,1,11,'003','Treasury Services','Treasury Services','2023-05-22 01:22:49'),(4,4,1,16,'004','Assessment of Real Properties Services','Assessment of Real Properties Services','2023-05-22 01:22:49'),(5,5,1,19,'005','Accounting Services','Accounting Services','2023-05-22 01:22:49'),(6,6,1,22,'006','Budget Programming Services','Budget Programming Services','2023-05-22 01:22:49'),(7,7,1,NULL,'007','Planning and Development Coordination Services','Planning and Development Coordination Services','2023-05-22 01:22:49'),(8,8,1,NULL,'008','Investigation and Legal Services','Investigation and Legal Services','2023-05-22 01:22:49'),(9,9,1,NULL,'009','Provincial Administrator','Provincial Administrator','2023-05-22 01:22:49'),(10,10,1,NULL,'010','General Services','General Services','2023-05-22 01:22:49'),(11,11,1,NULL,'011','Personnel Management','Personnel Management','2023-05-22 01:22:49'),(12,12,1,NULL,'012','Rehabilitation and Safekeeping of Social Offenders','Rehabilitation and Safekeeping of Social Offenders','2023-05-22 01:22:49'),(13,13,1,NULL,'013','Disaster Risk Reduction and Management','Disaster Risk Reduction and Management','2023-05-22 01:22:49'),(14,14,1,NULL,'014','Internal Audit Services','Internal Audit Services','2023-05-22 01:22:49'),(15,15,1,NULL,'015','Auditing Services','Auditing Services','2023-05-22 01:22:49'),(16,16,1,NULL,'016','Investigation, Prosecution and Other Legal Services','Investigation, Prosecution and Other Legal Services','2023-05-22 01:22:49'),(17,17,1,NULL,'017','Administration of Justice Services','Administration of Justice Services','2023-05-22 01:22:49'),(18,18,1,NULL,'018','Investigation, Supervision and Parole Surveillance','Investigation, Supervision and Parole Surveillance','2023-05-22 01:22:49'),(19,19,1,NULL,'019','Election Services','Election Services','2023-05-22 01:22:49'),(20,20,1,NULL,'020','Tax Appeals Services','Tax Appeals Services','2023-05-22 01:22:49'),(21,21,1,NULL,'021','Information Services','Information Services','2023-05-22 01:22:49'),(22,22,1,NULL,'022','Police Services','Police Services','2023-05-22 01:22:49'),(23,23,1,NULL,'023','Fire Protection Services','Fire Protection Services','2023-05-22 01:22:49'),(24,24,2,NULL,'001','Education and Manpower Development','Education and Manpower Development','2023-05-22 01:55:51'),(25,25,2,NULL,'002','Early Childhood Care and Development Program','Early Childhood Care and Development Program','2023-05-22 01:55:51'),(26,26,2,NULL,'003','Sports Development','Sports Development','2023-05-22 01:55:51'),(27,27,2,NULL,'004','Health, Nutrition and Population Control','Health, Nutrition and Population Control','2023-05-22 01:55:51'),(28,28,2,NULL,'005','Housing & Community Development','Housing & Community Development','2023-05-22 01:55:51'),(29,29,2,NULL,'006','Social Security, Social Services & Welfare','Social Security, Social Services & Welfare','2023-05-22 01:55:51'),(30,30,2,NULL,'007','Engineering/Infrastructure Development Services','Engineering/Infrastructure Development Services','2023-05-22 01:55:51'),(31,31,3,NULL,'001','Agricultural Services','Agricultural Services','2023-05-22 02:11:36'),(32,32,3,NULL,'002','Veterinary Services','Veterinary Services','2023-05-22 02:11:36'),(33,33,3,NULL,'003','Natural Resources/Environment Services','Natural Resources/Environment Services','2023-05-22 02:11:36'),(34,34,3,NULL,'004','Engineering/Infrastructure Development Services','Engineering/Infrastructure Development Services','2023-05-22 02:11:36'),(35,35,3,NULL,'005','Tourism Services','Tourism Services','2023-05-22 02:11:36'),(36,36,3,NULL,'006','Livelihood Services','Livelihood Services','2023-05-22 02:11:36');
/*!40000 ALTER TABLE `gl_subsectors` ENABLE KEYS */;
UNLOCK TABLES;

--
-- Table structure for table `pbo_appropriation`
--

DROP TABLE IF EXISTS `pbo_appropriation`;
/*!40101 SET @saved_cs_client     = @@character_set_client */;
/*!50503 SET character_set_client = utf8mb4 */;
CREATE TABLE `pbo_appropriation` (
  `id` int NOT NULL AUTO_INCREMENT,
  `approid` int DEFAULT NULL,
  `userid` int DEFAULT NULL,
  `lguid` int DEFAULT NULL,
  `officeid` int DEFAULT NULL,
  `fundid` int DEFAULT NULL,
  `registryid` int DEFAULT NULL,
  `accountcode` varchar(15) DEFAULT NULL COMMENT 'gl_accounts accountcode',
  `accountid` int DEFAULT NULL COMMENT 'gl_accounts accountid',
  `accounttypeid` int DEFAULT NULL,
  `officetypeid` int DEFAULT NULL,
  `sectorid` int DEFAULT NULL,
  `subsectorid` int DEFAULT NULL,
  `spcfundid` int DEFAULT NULL,
  `programid` int DEFAULT NULL,
  `projectid` int DEFAULT NULL,
  `activityid` int DEFAULT NULL,
  `budgetyear` int DEFAULT NULL,
  `amount` decimal(10,2) DEFAULT NULL,
  `referencecode` varchar(45) DEFAULT NULL,
  `aipcode` varchar(45) DEFAULT NULL,
  `logdate` timestamp NULL DEFAULT CURRENT_TIMESTAMP,
  `datetimeupdated` datetime DEFAULT NULL,
  `is_approved` int DEFAULT NULL,
  PRIMARY KEY (`id`)
) ENGINE=InnoDB AUTO_INCREMENT=6 DEFAULT CHARSET=utf8mb4 COLLATE=utf8mb4_0900_ai_ci COMMENT='Actual data for special accounts';
/*!40101 SET character_set_client = @saved_cs_client */;

--
-- Dumping data for table `pbo_appropriation`
--

LOCK TABLES `pbo_appropriation` WRITE;
/*!40000 ALTER TABLE `pbo_appropriation` DISABLE KEYS */;
INSERT INTO `pbo_appropriation` VALUES (1,NULL,NULL,1,2,1,1,'5-01-01-010',50101010,1,NULL,NULL,NULL,NULL,NULL,NULL,NULL,2023,1500000.00,NULL,NULL,'2023-05-22 07:01:08',NULL,NULL),(2,NULL,NULL,1,2,1,1,'5-01-01-020',50101020,1,NULL,NULL,NULL,NULL,NULL,NULL,NULL,2023,1000000.00,NULL,NULL,'2023-05-22 07:19:25',NULL,NULL),(3,NULL,NULL,1,2,NULL,NULL,NULL,NULL,2,1,1,1,1,2,1,1,2023,450000.00,NULL,NULL,'2023-05-22 07:22:52',NULL,NULL),(4,NULL,NULL,1,2,NULL,NULL,NULL,NULL,2,1,1,13,2,22,2,6,2023,900000.00,NULL,NULL,'2023-05-22 07:57:52',NULL,NULL),(5,NULL,NULL,1,2,NULL,NULL,NULL,NULL,2,1,1,13,3,23,3,7,2023,100000.00,NULL,NULL,'2023-05-22 08:09:04',NULL,NULL);
/*!40000 ALTER TABLE `pbo_appropriation` ENABLE KEYS */;
UNLOCK TABLES;

--
-- Temporary view structure for view `vi_accounts`
--

DROP TABLE IF EXISTS `vi_accounts`;
/*!50001 DROP VIEW IF EXISTS `vi_accounts`*/;
SET @saved_cs_client     = @@character_set_client;
/*!50503 SET character_set_client = utf8mb4 */;
/*!50001 CREATE VIEW `vi_accounts` AS SELECT 
 1 AS `CODE`,
 1 AS `Account`,
 1 AS `Registry`*/;
SET character_set_client = @saved_cs_client;

--
-- Temporary view structure for view `vi_assets`
--

DROP TABLE IF EXISTS `vi_assets`;
/*!50001 DROP VIEW IF EXISTS `vi_assets`*/;
SET @saved_cs_client     = @@character_set_client;
/*!50503 SET character_set_client = utf8mb4 */;
/*!50001 CREATE VIEW `vi_assets` AS SELECT 
 1 AS `id`,
 1 AS `Asset`,
 1 AS `logdate`*/;
SET character_set_client = @saved_cs_client;

--
-- Temporary view structure for view `vi_category`
--

DROP TABLE IF EXISTS `vi_category`;
/*!50001 DROP VIEW IF EXISTS `vi_category`*/;
SET @saved_cs_client     = @@character_set_client;
/*!50503 SET character_set_client = utf8mb4 */;
/*!50001 CREATE VIEW `vi_category` AS SELECT 
 1 AS `id`,
 1 AS `category1`,
 1 AS `assetid`,
 1 AS `categoryid`,
 1 AS `category`*/;
SET character_set_client = @saved_cs_client;

--
-- Temporary view structure for view `vi_funds`
--

DROP TABLE IF EXISTS `vi_funds`;
/*!50001 DROP VIEW IF EXISTS `vi_funds`*/;
SET @saved_cs_client     = @@character_set_client;
/*!50503 SET character_set_client = utf8mb4 */;
/*!50001 CREATE VIEW `vi_funds` AS SELECT 
 1 AS `id`,
 1 AS `fundname1`,
 1 AS `fundid`,
 1 AS `fundcode`,
 1 AS `fundname`,
 1 AS `logdate`*/;
SET character_set_client = @saved_cs_client;

--
-- Temporary view structure for view `vi_offices`
--

DROP TABLE IF EXISTS `vi_offices`;
/*!50001 DROP VIEW IF EXISTS `vi_offices`*/;
SET @saved_cs_client     = @@character_set_client;
/*!50503 SET character_set_client = utf8mb4 */;
/*!50001 CREATE VIEW `vi_offices` AS SELECT 
 1 AS `id`,
 1 AS `officeid`,
 1 AS `officetypeid`,
 1 AS `sectorid`,
 1 AS `officecode_pbo`,
 1 AS `officecode_acctg`,
 1 AS `Office`,
 1 AS `officedescription`,
 1 AS `officeaccronym`,
 1 AS `logdate`*/;
SET character_set_client = @saved_cs_client;

--
-- Temporary view structure for view `vi_registry`
--

DROP TABLE IF EXISTS `vi_registry`;
/*!50001 DROP VIEW IF EXISTS `vi_registry`*/;
SET @saved_cs_client     = @@character_set_client;
/*!50503 SET character_set_client = utf8mb4 */;
/*!50001 CREATE VIEW `vi_registry` AS SELECT 
 1 AS `id`,
 1 AS `Registry1`,
 1 AS `registryid`,
 1 AS `registrycode`,
 1 AS `Registry`,
 1 AS `registrydescription`,
 1 AS `logdate`*/;
SET character_set_client = @saved_cs_client;

--
-- Temporary view structure for view `vi_sectors`
--

DROP TABLE IF EXISTS `vi_sectors`;
/*!50001 DROP VIEW IF EXISTS `vi_sectors`*/;
SET @saved_cs_client     = @@character_set_client;
/*!50503 SET character_set_client = utf8mb4 */;
/*!50001 CREATE VIEW `vi_sectors` AS SELECT 
 1 AS `id`,
 1 AS `sectorid`,
 1 AS `sectorcode`,
 1 AS `sectorguideid`,
 1 AS `sectorname`,
 1 AS `sectordescription`,
 1 AS `logdate`*/;
SET character_set_client = @saved_cs_client;

--
-- Temporary view structure for view `vi_spcfunds`
--

DROP TABLE IF EXISTS `vi_spcfunds`;
/*!50001 DROP VIEW IF EXISTS `vi_spcfunds`*/;
SET @saved_cs_client     = @@character_set_client;
/*!50503 SET character_set_client = utf8mb4 */;
/*!50001 CREATE VIEW `vi_spcfunds` AS SELECT 
 1 AS `id`,
 1 AS `fundid`,
 1 AS `spcfundid`,
 1 AS `Special Fund`,
 1 AS `logdate`*/;
SET character_set_client = @saved_cs_client;

--
-- Temporary view structure for view `vi_subcategory`
--

DROP TABLE IF EXISTS `vi_subcategory`;
/*!50001 DROP VIEW IF EXISTS `vi_subcategory`*/;
SET @saved_cs_client     = @@character_set_client;
/*!50503 SET character_set_client = utf8mb4 */;
/*!50001 CREATE VIEW `vi_subcategory` AS SELECT 
 1 AS `id`,
 1 AS `categoryid`,
 1 AS `subcategory1`,
 1 AS `subcategoryid`,
 1 AS `subcategory`*/;
SET character_set_client = @saved_cs_client;

--
-- Temporary view structure for view `vi_subsectors`
--

DROP TABLE IF EXISTS `vi_subsectors`;
/*!50001 DROP VIEW IF EXISTS `vi_subsectors`*/;
SET @saved_cs_client     = @@character_set_client;
/*!50503 SET character_set_client = utf8mb4 */;
/*!50001 CREATE VIEW `vi_subsectors` AS SELECT 
 1 AS `id`,
 1 AS `subsectorid`,
 1 AS `sectorid`,
 1 AS `subsectorcode`,
 1 AS `Sub Sector`,
 1 AS `subsectordescription`,
 1 AS `logdate`*/;
SET character_set_client = @saved_cs_client;

--
-- Final view structure for view `vi_accounts`
--

/*!50001 DROP VIEW IF EXISTS `vi_accounts`*/;
/*!50001 SET @saved_cs_client          = @@character_set_client */;
/*!50001 SET @saved_cs_results         = @@character_set_results */;
/*!50001 SET @saved_col_connection     = @@collation_connection */;
/*!50001 SET character_set_client      = utf8mb4 */;
/*!50001 SET character_set_results     = utf8mb4 */;
/*!50001 SET collation_connection      = utf8mb4_0900_ai_ci */;
/*!50001 CREATE ALGORITHM=UNDEFINED */
/*!50013 DEFINER=`ICTDEV`@`%` SQL SECURITY DEFINER */
/*!50001 VIEW `vi_accounts` AS select `a`.`accountcode` AS `CODE`,`a`.`accountname` AS `Account`,concat(`r`.`registryname`,' (',`r`.`registrydescription`,')') AS `Registry` from (`gl_accounts` `a` left join `gl_registry` `r` on((`a`.`registrycode` = `r`.`registrycode`))) */;
/*!50001 SET character_set_client      = @saved_cs_client */;
/*!50001 SET character_set_results     = @saved_cs_results */;
/*!50001 SET collation_connection      = @saved_col_connection */;

--
-- Final view structure for view `vi_assets`
--

/*!50001 DROP VIEW IF EXISTS `vi_assets`*/;
/*!50001 SET @saved_cs_client          = @@character_set_client */;
/*!50001 SET @saved_cs_results         = @@character_set_results */;
/*!50001 SET @saved_col_connection     = @@collation_connection */;
/*!50001 SET character_set_client      = utf8mb4 */;
/*!50001 SET character_set_results     = utf8mb4 */;
/*!50001 SET collation_connection      = utf8mb4_0900_ai_ci */;
/*!50001 CREATE ALGORITHM=UNDEFINED */
/*!50013 DEFINER=`ICTDEV`@`%` SQL SECURITY DEFINER */
/*!50001 VIEW `vi_assets` AS select `gl_assets`.`id` AS `id`,concat(`gl_assets`.`assetid`,' - ',`gl_assets`.`asset`) AS `Asset`,`gl_assets`.`logdate` AS `logdate` from `gl_assets` */;
/*!50001 SET character_set_client      = @saved_cs_client */;
/*!50001 SET character_set_results     = @saved_cs_results */;
/*!50001 SET collation_connection      = @saved_col_connection */;

--
-- Final view structure for view `vi_category`
--

/*!50001 DROP VIEW IF EXISTS `vi_category`*/;
/*!50001 SET @saved_cs_client          = @@character_set_client */;
/*!50001 SET @saved_cs_results         = @@character_set_results */;
/*!50001 SET @saved_col_connection     = @@collation_connection */;
/*!50001 SET character_set_client      = utf8mb4 */;
/*!50001 SET character_set_results     = utf8mb4 */;
/*!50001 SET collation_connection      = utf8mb4_0900_ai_ci */;
/*!50001 CREATE ALGORITHM=UNDEFINED */
/*!50013 DEFINER=`ICTDEV`@`%` SQL SECURITY DEFINER */
/*!50001 VIEW `vi_category` AS select `gl_assets_category`.`id` AS `id`,concat(`gl_assets_category`.`categoryid`,' - ',`gl_assets_category`.`category`) AS `category1`,`gl_assets_category`.`assetid` AS `assetid`,`gl_assets_category`.`categoryid` AS `categoryid`,`gl_assets_category`.`category` AS `category` from `gl_assets_category` */;
/*!50001 SET character_set_client      = @saved_cs_client */;
/*!50001 SET character_set_results     = @saved_cs_results */;
/*!50001 SET collation_connection      = @saved_col_connection */;

--
-- Final view structure for view `vi_funds`
--

/*!50001 DROP VIEW IF EXISTS `vi_funds`*/;
/*!50001 SET @saved_cs_client          = @@character_set_client */;
/*!50001 SET @saved_cs_results         = @@character_set_results */;
/*!50001 SET @saved_col_connection     = @@collation_connection */;
/*!50001 SET character_set_client      = utf8mb4 */;
/*!50001 SET character_set_results     = utf8mb4 */;
/*!50001 SET collation_connection      = utf8mb4_0900_ai_ci */;
/*!50001 CREATE ALGORITHM=UNDEFINED */
/*!50013 DEFINER=`ICTDEV`@`%` SQL SECURITY DEFINER */
/*!50001 VIEW `vi_funds` AS select `gl_funds`.`id` AS `id`,concat(`gl_funds`.`fundcode`,' - ',`gl_funds`.`fundname`) AS `fundname1`,`gl_funds`.`fundid` AS `fundid`,`gl_funds`.`fundcode` AS `fundcode`,`gl_funds`.`fundname` AS `fundname`,`gl_funds`.`logdate` AS `logdate` from `gl_funds` */;
/*!50001 SET character_set_client      = @saved_cs_client */;
/*!50001 SET character_set_results     = @saved_cs_results */;
/*!50001 SET collation_connection      = @saved_col_connection */;

--
-- Final view structure for view `vi_offices`
--

/*!50001 DROP VIEW IF EXISTS `vi_offices`*/;
/*!50001 SET @saved_cs_client          = @@character_set_client */;
/*!50001 SET @saved_cs_results         = @@character_set_results */;
/*!50001 SET @saved_col_connection     = @@collation_connection */;
/*!50001 SET character_set_client      = utf8mb4 */;
/*!50001 SET character_set_results     = utf8mb4 */;
/*!50001 SET collation_connection      = utf8mb4_0900_ai_ci */;
/*!50001 CREATE ALGORITHM=UNDEFINED */
/*!50013 DEFINER=`ICTDEV`@`%` SQL SECURITY DEFINER */
/*!50001 VIEW `vi_offices` AS select `gl_offices`.`id` AS `id`,`gl_offices`.`officeid` AS `officeid`,`gl_offices`.`officetypeid` AS `officetypeid`,`gl_offices`.`sectorid` AS `sectorid`,`gl_offices`.`officecode_pbo` AS `officecode_pbo`,`gl_offices`.`officecode_acctg` AS `officecode_acctg`,`gl_offices`.`officename` AS `Office`,`gl_offices`.`officedescription` AS `officedescription`,`gl_offices`.`officeaccronym` AS `officeaccronym`,`gl_offices`.`logdate` AS `logdate` from `gl_offices` */;
/*!50001 SET character_set_client      = @saved_cs_client */;
/*!50001 SET character_set_results     = @saved_cs_results */;
/*!50001 SET collation_connection      = @saved_col_connection */;

--
-- Final view structure for view `vi_registry`
--

/*!50001 DROP VIEW IF EXISTS `vi_registry`*/;
/*!50001 SET @saved_cs_client          = @@character_set_client */;
/*!50001 SET @saved_cs_results         = @@character_set_results */;
/*!50001 SET @saved_col_connection     = @@collation_connection */;
/*!50001 SET character_set_client      = utf8mb4 */;
/*!50001 SET character_set_results     = utf8mb4 */;
/*!50001 SET collation_connection      = utf8mb4_0900_ai_ci */;
/*!50001 CREATE ALGORITHM=UNDEFINED */
/*!50013 DEFINER=`ICTDEV`@`%` SQL SECURITY DEFINER */
/*!50001 VIEW `vi_registry` AS select `gl_registry`.`id` AS `id`,concat(`gl_registry`.`registrycode`,' - ',`gl_registry`.`registryname`) AS `Registry1`,`gl_registry`.`registryid` AS `registryid`,`gl_registry`.`registrycode` AS `registrycode`,`gl_registry`.`registryname` AS `Registry`,`gl_registry`.`registrydescription` AS `registrydescription`,`gl_registry`.`logdate` AS `logdate` from `gl_registry` */;
/*!50001 SET character_set_client      = @saved_cs_client */;
/*!50001 SET character_set_results     = @saved_cs_results */;
/*!50001 SET collation_connection      = @saved_col_connection */;

--
-- Final view structure for view `vi_sectors`
--

/*!50001 DROP VIEW IF EXISTS `vi_sectors`*/;
/*!50001 SET @saved_cs_client          = @@character_set_client */;
/*!50001 SET @saved_cs_results         = @@character_set_results */;
/*!50001 SET @saved_col_connection     = @@collation_connection */;
/*!50001 SET character_set_client      = utf8mb4 */;
/*!50001 SET character_set_results     = utf8mb4 */;
/*!50001 SET collation_connection      = utf8mb4_0900_ai_ci */;
/*!50001 CREATE ALGORITHM=UNDEFINED */
/*!50013 DEFINER=`ICTDEV`@`%` SQL SECURITY DEFINER */
/*!50001 VIEW `vi_sectors` AS select `gl_sectors`.`id` AS `id`,`gl_sectors`.`sectorid` AS `sectorid`,`gl_sectors`.`sectorcode` AS `sectorcode`,`gl_sectors`.`sectorguideid` AS `sectorguideid`,`gl_sectors`.`sectorname` AS `sectorname`,`gl_sectors`.`sectordescription` AS `sectordescription`,`gl_sectors`.`logdate` AS `logdate` from `gl_sectors` */;
/*!50001 SET character_set_client      = @saved_cs_client */;
/*!50001 SET character_set_results     = @saved_cs_results */;
/*!50001 SET collation_connection      = @saved_col_connection */;

--
-- Final view structure for view `vi_spcfunds`
--

/*!50001 DROP VIEW IF EXISTS `vi_spcfunds`*/;
/*!50001 SET @saved_cs_client          = @@character_set_client */;
/*!50001 SET @saved_cs_results         = @@character_set_results */;
/*!50001 SET @saved_col_connection     = @@collation_connection */;
/*!50001 SET character_set_client      = utf8mb4 */;
/*!50001 SET character_set_results     = utf8mb4 */;
/*!50001 SET collation_connection      = utf8mb4_0900_ai_ci */;
/*!50001 CREATE ALGORITHM=UNDEFINED */
/*!50013 DEFINER=`ICTDEV`@`%` SQL SECURITY DEFINER */
/*!50001 VIEW `vi_spcfunds` AS select `gl_spcfunds`.`id` AS `id`,`gl_spcfunds`.`fundid` AS `fundid`,`gl_spcfunds`.`spcfundid` AS `spcfundid`,`gl_spcfunds`.`spcfunddescription` AS `Special Fund`,`gl_spcfunds`.`logdate` AS `logdate` from `gl_spcfunds` */;
/*!50001 SET character_set_client      = @saved_cs_client */;
/*!50001 SET character_set_results     = @saved_cs_results */;
/*!50001 SET collation_connection      = @saved_col_connection */;

--
-- Final view structure for view `vi_subcategory`
--

/*!50001 DROP VIEW IF EXISTS `vi_subcategory`*/;
/*!50001 SET @saved_cs_client          = @@character_set_client */;
/*!50001 SET @saved_cs_results         = @@character_set_results */;
/*!50001 SET @saved_col_connection     = @@collation_connection */;
/*!50001 SET character_set_client      = utf8mb4 */;
/*!50001 SET character_set_results     = utf8mb4 */;
/*!50001 SET collation_connection      = utf8mb4_0900_ai_ci */;
/*!50001 CREATE ALGORITHM=UNDEFINED */
/*!50013 DEFINER=`ICTDEV`@`%` SQL SECURITY DEFINER */
/*!50001 VIEW `vi_subcategory` AS select `gl_assets_subcategory`.`id` AS `id`,`gl_assets_subcategory`.`categoryid` AS `categoryid`,concat(`gl_assets_subcategory`.`subcategoryid`,' - ',`gl_assets_subcategory`.`subcategory`) AS `subcategory1`,`gl_assets_subcategory`.`subcategoryid` AS `subcategoryid`,`gl_assets_subcategory`.`subcategory` AS `subcategory` from `gl_assets_subcategory` */;
/*!50001 SET character_set_client      = @saved_cs_client */;
/*!50001 SET character_set_results     = @saved_cs_results */;
/*!50001 SET collation_connection      = @saved_col_connection */;

--
-- Final view structure for view `vi_subsectors`
--

/*!50001 DROP VIEW IF EXISTS `vi_subsectors`*/;
/*!50001 SET @saved_cs_client          = @@character_set_client */;
/*!50001 SET @saved_cs_results         = @@character_set_results */;
/*!50001 SET @saved_col_connection     = @@collation_connection */;
/*!50001 SET character_set_client      = utf8mb4 */;
/*!50001 SET character_set_results     = utf8mb4 */;
/*!50001 SET collation_connection      = utf8mb4_0900_ai_ci */;
/*!50001 CREATE ALGORITHM=UNDEFINED */
/*!50013 DEFINER=`root`@`localhost` SQL SECURITY DEFINER */
/*!50001 VIEW `vi_subsectors` AS select `gl_subsectors`.`id` AS `id`,`gl_subsectors`.`subsectorid` AS `subsectorid`,`gl_subsectors`.`sectorid` AS `sectorid`,`gl_subsectors`.`subsectorcode` AS `subsectorcode`,`gl_subsectors`.`subsectorname` AS `Sub Sector`,`gl_subsectors`.`subsectordescription` AS `subsectordescription`,`gl_subsectors`.`logdate` AS `logdate` from `gl_subsectors` */;
/*!50001 SET character_set_client      = @saved_cs_client */;
/*!50001 SET character_set_results     = @saved_cs_results */;
/*!50001 SET collation_connection      = @saved_col_connection */;
/*!40103 SET TIME_ZONE=@OLD_TIME_ZONE */;

/*!40101 SET SQL_MODE=@OLD_SQL_MODE */;
/*!40014 SET FOREIGN_KEY_CHECKS=@OLD_FOREIGN_KEY_CHECKS */;
/*!40014 SET UNIQUE_CHECKS=@OLD_UNIQUE_CHECKS */;
/*!40101 SET CHARACTER_SET_CLIENT=@OLD_CHARACTER_SET_CLIENT */;
/*!40101 SET CHARACTER_SET_RESULTS=@OLD_CHARACTER_SET_RESULTS */;
/*!40101 SET COLLATION_CONNECTION=@OLD_COLLATION_CONNECTION */;
/*!40111 SET SQL_NOTES=@OLD_SQL_NOTES */;

-- Dump completed on 2023-06-30 12:20:09
